database,table,columns
CONTROL,T_ADMIN_BASE_DATOS,14
CONTROL,T_ADMIN_BASE_DATOS_ANTERIOR,14
CONTROL,T_ADMIN_DISCO_DURO,7
CONTROL,T_ADMIN_DISCO_DURO_ANTERIOR,7
CONTROL,T_ADMIN_TAMANIO_TABLAS,12
CONTROL,T_ADMIN_TAMANIO_TABLAS_ANTERIOR,12
CONTROL,T_LOG_PROCESOS,4
CONTROL,T_WHO2_CAPTURA,14
DETALLE_LLAMADAS,T_ANIS_UNICOS,6
DETALLE_LLAMADAS,T_DETALLE_ABANDONO,17
DETALLE_LLAMADAS,T_DETALLE_INFOMART_202503,72
DETALLE_LLAMADAS,T_HISPAM_RESUMEN,5
DETALLE_LLAMADAS,T_LISTADO_DNIS_GENESYS_V2,5
DETALLE_LLAMADAS,T_LISTADO_RP_ATENCION_RAPIDA,6
DETALLE_LLAMADAS,T_LISTA_BLANCA,1
DETALLE_LLAMADAS,T_LISTA_CABINAS,9
DETALLE_LLAMADAS,T_LISTA_CABINAS_OLD,9
DETALLE_LLAMADAS,T_LISTA_DNI_TEMPO,1
DETALLE_LLAMADAS,T_LISTA_NEGRA,8
DETALLE_LLAMADAS,T_TEMPORAL_DETALLE_LLAMADAS_V7,33
DETALLE_LLAMADAS,T_TEMP_DETALLE_INFOMART,70
DETALLE_LLAMADAS,T_TEMP_DETALLE_INFORMART_V5,72
DETALLE_LLAMADAS,T_TMP_LISTA_CABINAS,9
DETALLE_LLAMADAS,base_multicentro,1
DETALLE_LLAMADAS,sysdiagrams,5
DETALLE_NOT_READY,T_AGENT_NOT_READY_REASON_CODE_REPORT,9
DETALLE_NOT_READY,T_AGENT_NOT_READY_REASON_CODE_REPORT_202311,9
DETALLE_NOT_READY,T_AGENT_NOT_READY_REASON_CODE_REPORT_202312,9
DETALLE_NOT_READY,T_AGENT_NOT_READY_REASON_CODE_REPORT_202401,9
DETALLE_NOT_READY,T_AGENT_NOT_READY_REASON_CODE_REPORT_202402,9
DETALLE_NOT_READY,T_AGENT_NOT_READY_REASON_CODE_REPORT_202403,9
DETALLE_NOT_READY,T_AGENT_NOT_READY_REASON_CODE_REPORT_202404,9
DETALLE_NOT_READY,T_TEMP_Agent_Not_Ready_Reason_Code_Report_Today_PASO_1,11
DETALLE_RELLAMADAS_TRANSFERENCIAS,20240917___LLAMADAS_ATENDIDAS_FACTURACION,58
DETALLE_RELLAMADAS_TRANSFERENCIAS,20240917_____T_TMP_DETALLE,21
DETALLE_RELLAMADAS_TRANSFERENCIAS,JCO_LISTADO_CTI_DIARIO,24
DETALLE_RELLAMADAS_TRANSFERENCIAS,LD_CLIENTES_REIT,5
DETALLE_RELLAMADAS_TRANSFERENCIAS,LD_TMP_TABLA_BATCHERO_ELIMINA_ARCHIVOS_IHV5_POR_HORAS,1
DETALLE_RELLAMADAS_TRANSFERENCIAS,LLAMADAS_ATENDIDAS,58
DETALLE_RELLAMADAS_TRANSFERENCIAS,LLAMADAS_ATENDIDAS_FACTURACION,58
DETALLE_RELLAMADAS_TRANSFERENCIAS,PROCESO_LOG_PROCESO_REIT_Y_TRANSF,4
DETALLE_RELLAMADAS_TRANSFERENCIAS,TMP_CTI,23
DETALLE_RELLAMADAS_TRANSFERENCIAS,TMP_RESUMEN_AGENTE_REITERADAS,9
DETALLE_RELLAMADAS_TRANSFERENCIAS,TMP_RESUMEN_AGENTE_REITERADAS_CUARTIL,8
DETALLE_RELLAMADAS_TRANSFERENCIAS,TMP_RESUMEN_CTI,27
DETALLE_RELLAMADAS_TRANSFERENCIAS,TMP_RESUMEN_Q_RELL,5
DETALLE_RELLAMADAS_TRANSFERENCIAS,TMP_RESUMEN_Q_TRX,5
DETALLE_RELLAMADAS_TRANSFERENCIAS,TMP_T_RESUMEN_AGENTE_TRANSF_CUARTIL,8
DETALLE_RELLAMADAS_TRANSFERENCIAS,TMP_T_RESUMEN_AGENTE_TRX,8
DETALLE_RELLAMADAS_TRANSFERENCIAS,T_DETALLE_RELLAMADORES_ENTRANTES,8
DETALLE_RELLAMADAS_TRANSFERENCIAS,T_DETALLE_RELLAMADORES_ENTRANTES_X_PLATAF,9
DETALLE_RELLAMADAS_TRANSFERENCIAS,T_DETALLE_RELLAMADORES_EN_20D,7
DETALLE_RELLAMADAS_TRANSFERENCIAS,T_DETALLE_TRANSFERENCIAS_MISMO_RP,11
DETALLE_RELLAMADAS_TRANSFERENCIAS,T_DETALLE_TRANSFERENCIAS_MISMO_RP_2,12
DETALLE_RELLAMADAS_TRANSFERENCIAS,T_LISTA_AGENTE_REIT_DIA,8
DETALLE_RELLAMADAS_TRANSFERENCIAS,T_LISTA_AGENTE_TRANSF_DIA,8
DETALLE_RELLAMADAS_TRANSFERENCIAS,T_LISTA_BLANCA_RELLAMADORES_AURA,9
DETALLE_RELLAMADAS_TRANSFERENCIAS,T_LISTA_CTI_ATENDIDAS_TMO,28
DETALLE_RELLAMADAS_TRANSFERENCIAS,T_LISTA_RETIRAR_RPS_CLIENTES_NO_MIGRADOS,1
DETALLE_RELLAMADAS_TRANSFERENCIAS,T_LISTA_RETIRAR_RPS_CLIENTES_NO_MIGRADOS_20241022,1
DETALLE_RELLAMADAS_TRANSFERENCIAS,T_LOG_BASE_NPS_AVISO_CORTE,4
DETALLE_RELLAMADAS_TRANSFERENCIAS,T_METRICAS_REIT_TRANSF_AMELIA,9
DETALLE_RELLAMADAS_TRANSFERENCIAS,T_METRICAS_TRANSFERENCIAS_DIA_CURSO,7
DETALLE_RELLAMADAS_TRANSFERENCIAS,T_REPORTE_CTI_DIARIO,24
DETALLE_RELLAMADAS_TRANSFERENCIAS,T_REPORTE_CTI_MENSUAL,36
DETALLE_RELLAMADAS_TRANSFERENCIAS,T_RESUMEN_COPC_72HR_ATENDIDAS,13
DETALLE_RELLAMADAS_TRANSFERENCIAS,T_RESUMEN_COPC_72HR_ATENDIDAS_BU,13
DETALLE_RELLAMADAS_TRANSFERENCIAS,T_RESUMEN_COPC_72_HR_GENERA,14
DETALLE_RELLAMADAS_TRANSFERENCIAS,T_RESUMEN_COPC_72_HR_GENERA_BU,14
DETALLE_RELLAMADAS_TRANSFERENCIAS,T_RESUMEN_COPC_ORI_DES_72HR,14
DETALLE_RELLAMADAS_TRANSFERENCIAS,T_RESUMEN_CTI_72HR,36
DETALLE_RELLAMADAS_TRANSFERENCIAS,T_RESUMEN_CTI_72HR_FACTURACION,36
DETALLE_RELLAMADAS_TRANSFERENCIAS,T_RESUMEN_CTI_DIARIO,17
DETALLE_RELLAMADAS_TRANSFERENCIAS,T_RESUMEN_CUARTILES,20
DETALLE_RELLAMADAS_TRANSFERENCIAS,T_RESUMEN_CUARTILES_FINAL,20
DETALLE_RELLAMADAS_TRANSFERENCIAS,T_RESUMEN_METRICAS_PLATAFORMA,15
DETALLE_RELLAMADAS_TRANSFERENCIAS,T_RESUMEN_METRICAS_REITERADAS_TRX_ODS,13
DETALLE_RELLAMADAS_TRANSFERENCIAS,T_RESUMEN_ORIGEN_DESTINO_PRUEBA,14
DETALLE_RELLAMADAS_TRANSFERENCIAS,T_RESUMEN_QUARTIL_RELL,5
DETALLE_RELLAMADAS_TRANSFERENCIAS,T_RESUMEN_QUARTIL_RELL_30MIN,5
DETALLE_RELLAMADAS_TRANSFERENCIAS,T_RESUMEN_QUARTIL_TRANS,5
DETALLE_RELLAMADAS_TRANSFERENCIAS,T_RESUMEN_RANGO_RELLAMADORES_EN_IVR,4
DETALLE_RELLAMADAS_TRANSFERENCIAS,T_RESUMEN_REITERADAS_TRXS,13
DETALLE_RELLAMADAS_TRANSFERENCIAS,T_RESUMEN_REITERADAS_TRXS_BU,13
DETALLE_RELLAMADAS_TRANSFERENCIAS,T_RESUMEN_TRANSFERENCIAS_MISMP_RP,10
DETALLE_RELLAMADAS_TRANSFERENCIAS,T_RES_ANALISIS_CLIENTES_TEC_FIJA,8
DETALLE_RELLAMADAS_TRANSFERENCIAS,T_RES_INDICADOR_REIT_DIARIO,8
DETALLE_RELLAMADAS_TRANSFERENCIAS,T_Resumen_Reiteracion_IVR,4
DETALLE_RELLAMADAS_TRANSFERENCIAS,T_TABLA_RESUMEN_REPETICIONES,7
DETALLE_RELLAMADAS_TRANSFERENCIAS,T_TMP_DETALLE,21
DETALLE_RELLAMADAS_TRANSFERENCIAS,T_TMP_DETALLE_DIARIO,19
DETALLE_RELLAMADAS_TRANSFERENCIAS,T_TMP_DETALLE_DIA_CURSO,20
DETALLE_RELLAMADAS_TRANSFERENCIAS,T_TMP_DETALLE_TRAFICO,22
DETALLE_RELLAMADAS_TRANSFERENCIAS,T_TMP_DETALLE_TRAFICO_TRANSFERENCIAS,26
DETALLE_RELLAMADAS_TRANSFERENCIAS,T_TMP_DETALLE_TRAFICO_VENTAS,21
DETALLE_RELLAMADAS_TRANSFERENCIAS,T_TMP_DETALLE_TRANSFERENCIAS,45
DETALLE_RELLAMADAS_TRANSFERENCIAS,T_TMP_LD_CLIENTES_REITERADORES,4
DETALLE_RELLAMADAS_TRANSFERENCIAS,T_TMP_TMO_REAL,3
DETALLE_RELLAMADAS_TRANSFERENCIAS,T_TMP_TRAFICO,14
DETALLE_RELLAMADAS_TRANSFERENCIAS,T_TMP_TRAZABILIDAD_CDR__TRANSF_MOVIL_A_FIJA,16
DICCIONARIO_PROCESOS,TEMP_FACT_HORAS_SIN_DATOS,9
DICCIONARIO_PROCESOS,T_LISTA_METRICAS,8
DICCIONARIO_PROCESOS,sysdiagrams,5
FACTURACION,CARO_OPERATIVO_BO_AGOSTO,10
FACTURACION,DETALLE_BO_CARO_202501_202506,19
FACTURACION,DETALLE_BO_YOHA_202507,10
FACTURACION,DETALLE_CASOS,5
FACTURACION,DETALLE_CROSS,6
FACTURACION,PLANILLA_RETENCIONES_COMISIONES_FUENTE_TAHEMY,7
FACTURACION,PPTO_RETENCIONES,7
FACTURACION,REAL_RETENCIONES,8
FACTURACION,REAL_RETENCIONES_JUNIO,15
FACTURACION,RETENCIONES_FUENTE_AARON,41
FACTURACION,TEMP_FACT_CCEE,17
FACTURACION,TEMP_HORAS_EXTRA,6
FACTURACION,TEMP_NV_FACT_PPTO,11
FACTURACION,T_CCEE_AGENTES_RECONTACTO,6
FACTURACION,T_CCEE_ASESORES_KIPU_RETENCIONES,2
FACTURACION,T_CCEE_MODELO_OBJETIVOS,7
FACTURACION,T_CCEE_MODELO_OBJETIVOS_20260206,7
FACTURACION,T_CCEE_OBJETIVOS_CROSS,4
FACTURACION,T_CCEE_OBJ_PESO,4
FACTURACION,T_CCEE_RELACION_PLATAFORMAS_REPORTE,2
FACTURACION,T_CCEE_RELACION_SERVICIO_SOCIO,6
FACTURACION,T_CCEE_UMBRAL_HORAS_DIARIO,3
FACTURACION,T_CCEE_base_blending_tratamiento_nds,11
FACTURACION,T_CCEE_base_horas_coach,22
FACTURACION,T_CCEE_base_reclamos,2
FACTURACION,T_CCEE_blending,7
FACTURACION,T_CCEE_dia_recontacto_global,7
FACTURACION,T_CCEE_dni_rol_master_top,4
FACTURACION,T_CCEE_dni_rol_master_top_20260210,4
FACTURACION,T_CCEE_fact_h,7
FACTURACION,T_CCEE_fdd_objetivos_NPS,8
FACTURACION,T_CCEE_fdd_objetivos_SOLUCION,8
FACTURACION,T_CCEE_fdd_objetivos_cross,8
FACTURACION,T_CCEE_fdd_objetivos_cuota,7
FACTURACION,T_CCEE_fdd_objetivos_cuota_FIJA_CAPTA,7
FACTURACION,T_CCEE_fdd_objetivos_cuota_capor,7
FACTURACION,T_CCEE_fdd_objetivos_cuota_fija,7
FACTURACION,T_CCEE_fdd_objetivos_ece,8
FACTURACION,T_CCEE_fdd_objetivos_intervenciones,7
FACTURACION,T_CCEE_fdd_objetivos_nds,8
FACTURACION,T_CCEE_horas_coach,5
FACTURACION,T_CCEE_horas_extra,6
FACTURACION,T_CCEE_log_cuartil_1ralinea,15
FACTURACION,T_CCEE_log_cuartil_2_tecnica,15
FACTURACION,T_CCEE_log_cuartil_rrss,15
FACTURACION,T_CCEE_log_cuartil_tecnica,15
FACTURACION,T_CCEE_log_cuartil_tecnica_critico,15
FACTURACION,T_CCEE_metricas_agentes_diario,9
FACTURACION,T_CCEE_metricas_agentes_diario_BACK_EXTRUCTURA,98
FACTURACION,T_CCEE_metricas_agentes_mensual,102
FACTURACION,T_CCEE_metricas_agentes_mensual_NUEVO,18
FACTURACION,T_CCEE_metricas_agentes_mensual_NUEVO_BACK_EXTRUCTURA,103
FACTURACION,T_CCEE_nivel_facturacion,15
FACTURACION,T_CCEE_nivel_facturacion_NUEVO,15
FACTURACION,T_CCEE_resumen_diario,11
FACTURACION,T_CCEE_resumen_productividad_proveedor,14
FACTURACION,T_CCEE_seguimiento_cross_ccee_resumen,31
FACTURACION,T_CCEE_t_dim_categoria_plataforma,4
FACTURACION,T_CCEE_t_dim_plataforma,6
FACTURACION,T_CCEE_t_dim_proveedor,3
FACTURACION,T_CCEE_t_dim_tiempo_intervalo,13
FACTURACION,T_CCEE_t_fact_metricas_intervalo,13
FACTURACION,T_CCEE_tmp_dia1ralinea,7
FACTURACION,T_CCEE_tmp_dia_2_tecnica,7
FACTURACION,T_CCEE_tmp_dia_rrss,7
FACTURACION,T_CCEE_tmp_dia_tecnica,7
FACTURACION,T_CCEE_tmp_dia_tecnica_critico,7
FACTURACION,T_CCEE_tmp_fact,17
FACTURACION,T_CCEE_tmp_horas_coach,8
FACTURACION,T_CCEE_tmp_mes1ralinea,11
FACTURACION,T_CCEE_tmp_mes_2_tecnica,11
FACTURACION,T_CCEE_tmp_mes_rrss,11
FACTURACION,T_CCEE_tmp_mes_tecnica,11
FACTURACION,T_CCEE_tmp_mes_tecnica_critico,11
FACTURACION,T_CCEE_vista_facturacion,57
FACTURACION,T_CONTINGENCIA_ASESORES_NDS,2
FACTURACION,T_CONTINGENCIA_FACTURACION_INTERVALO,10
FACTURACION,T_CONTINGENCIA_INPUT_COP,11
FACTURACION,T_CONTINGENCIA_INPUT_COR,11
FACTURACION,T_CONTINGENCIA_INPUT_SATISFACCION,12
FACTURACION,T_DICCIONARIO_CUBO_FACTURACION_MES,5
FACTURACION,T_DIM_FACTURACION_AGRUPACION_TIPO_PAGO,2
FACTURACION,T_DIM_FACTURACION_CANAL,3
FACTURACION,T_DIM_FACTURACION_ESTADO,3
FACTURACION,T_DIM_FACTURACION_JERARQUIA_EMPRESA,6
FACTURACION,T_DIM_FACTURACION_PLATAFORMA,6
FACTURACION,T_DIM_FACTURACION_PLATAFORMA_20251028,6
FACTURACION,T_DIM_FACTURACION_PROVEEDOR,3
FACTURACION,T_DIM_FACTURACION_TIEMPO_MES,13
FACTURACION,T_DIM_FACTURACION_TIPO_PAGO,2
FACTURACION,T_DIM_GE_AGRUPACION_PLATAFORMA,4
FACTURACION,T_DIM_GE_AGRUPACION_PLATAFORMA_20251028,4
FACTURACION,T_DIM_GE_CANAL,3
FACTURACION,T_DIM_GE_CATEGORIA,3
FACTURACION,T_DIM_GE_COMENTARIOS,4
FACTURACION,T_DIM_GE_GESTION,3
FACTURACION,T_DIM_GE_PLATAFORMA,8
FACTURACION,T_DIM_GE_PLATAFORMA_20251104,8
FACTURACION,T_DIM_GE_PROVEEDOR,3
FACTURACION,T_DIM_GE_TIEMPO_MES,13
FACTURACION,T_DIM_GE_TIPO_PAGO,3
FACTURACION,T_EVOLUTIVO_PAGO_DIARIO_FINAL,29
FACTURACION,T_EVOLUTIVO_PAGO_DIARIO_FINAL_V2,26
FACTURACION,T_EVOLUTIVO_PAGO_DIARIO_PASO_1,22
FACTURACION,T_EVOLUTIVO_PAGO_DIARIO_PASO_2,8
FACTURACION,T_FACT_FACTURACION_DIA,77
FACTURACION,T_FACT_FACTURACION_INTERVALO,71
FACTURACION,T_FACT_FACTURACION_INTERVALO_RETENCIONES,67
FACTURACION,T_FACT_FACTURACION_MES,132
FACTURACION,T_FACT_GESTION_ECONOMICA_DIARIO,53
FACTURACION,T_FACT_GESTION_ECONOMICA_MES,172
FACTURACION,T_FACT_GESTION_ECONOMICA_MES_20251011,172
FACTURACION,T_FACT_GESTION_ECONOMICA_MES_20251016,172
FACTURACION,T_FACT_GESTION_ECONOMICA_MES_20251020,172
FACTURACION,T_FACT_GESTION_ECONOMICA_MES_20251021,172
FACTURACION,T_FACT_GESTION_ECONOMICA_MES_20251023,172
FACTURACION,T_FACT_GESTION_ECONOMICA_MES_20251107,172
FACTURACION,T_FACT_GESTION_ECONOMICA_MES_20251117,172
FACTURACION,T_FACT_GESTION_ECONOMICA_MES_20251121,172
FACTURACION,T_FACT_GESTION_ECONOMICA_MES_20251126,172
FACTURACION,T_FACT_GESTION_ECONOMICA_MES_20251127,172
FACTURACION,T_FACT_GESTION_ECONOMICA_MES_20251201,172
FACTURACION,T_FACT_GESTION_ECONOMICA_MES_20251211,172
FACTURACION,T_FACT_GESTION_ECONOMICA_MES_20251217,172
FACTURACION,T_FACT_GESTION_ECONOMICA_MES_20251230,172
FACTURACION,T_FACT_GESTION_ECONOMICA_MES_20260102,172
FACTURACION,T_FACT_GESTION_ECONOMICA_MES_20260105,172
FACTURACION,T_FACT_GESTION_ECONOMICA_MES_20260109,172
FACTURACION,T_FACT_GESTION_ECONOMICA_MES_20260212,172
FACTURACION,T_FACT_GESTION_ECONOMICA_MES_20260226,172
FACTURACION,T_FACT_GE_PPTO,12
FACTURACION,T_FACT_GE_PPTO_20251007,12
FACTURACION,T_FACT_LISTA_METRICAS_CU,2
FACTURACION,T_FACT_LISTA_METRICAS_IMPACTOS,2
FACTURACION,T_FACT_PPTO_V2,5
FACTURACION,T_GE_DEMANDA,5
FACTURACION,T_INPUT_ADICIONAL_FACTURACION,9
FACTURACION,T_INPUT_CALIDAD,11
FACTURACION,T_INPUT_CUMPLE_CUOTA,8
FACTURACION,T_INPUT_EFECTIVIDAD_VENTAS,8
FACTURACION,T_INPUT_ERROR_ENVIO_CAMPO,8
FACTURACION,T_INPUT_ERROR_TRANSFERENCIA_RECLAMOS,8
FACTURACION,T_INPUT_FACTOR_DESEMPENIO,8
FACTURACION,T_INPUT_FDS,16
FACTURACION,T_INPUT_FDS_ALBATROS,17
FACTURACION,T_INPUT_HORARIO,24
FACTURACION,T_INPUT_LINEA_FINAL_FACTURACION_BO_OTROS_KIPU,15
FACTURACION,T_INPUT_LINEA_FINAL_FACTURACION_CCEE_KIPU,60
FACTURACION,T_INPUT_LINEA_FINAL_FACTURACION_VOZ_KIPU_ALBATROS,98
FACTURACION,T_INPUT_PARAMETROS,46
FACTURACION,T_INPUT_PARAMETROS_VOZ_CIRCULAR,6
FACTURACION,T_INPUT_PARAMETROS_VOZ_FDD,12
FACTURACION,T_INPUT_RANGO_DESVIACION,3
FACTURACION,T_INPUT_RESUMEN_ENCUESTAS,7
FACTURACION,T_INPUT_SATISFACCION,12
FACTURACION,T_INPUT_SATISFACCION_NPS_SOL_2022,14
FACTURACION,T_INPUT_TARIFAS,7
FACTURACION,T_INPUT_TIPO_CAMBIO_HISPAM,6
FACTURACION,T_INPUT_TOPE_NPS_1_2,8
FACTURACION,T_INPUT_TRANSFERENCIAS_MISMO_POOL,6
FACTURACION,T_INPUT_TRX_CROSS,8
FACTURACION,T_INPUT_TRX_RELL,11
FACTURACION,T_INPUT_USO_GENIO,8
FACTURACION,T_INPUT_USUARIOS_COR,14
FACTURACION,T_LOG_PROCESO_FACTURACION,4
FACTURACION,T_PAGO_PREGUNTA_RESPUESTA_MES,8
FACTURACION,T_PESOS_TIPO_ENCUESTA_MES,6
FACTURACION,T_REPORTE_RESUMEN_KIPU_DIA,5
FACTURACION,T_REPORTE_RESUMEN_METRICAS_CALIDAD,14
FACTURACION,T_RESUMEN_CUBO_ESTRATEGIA_MES_ESTRATEGIA_VOZ,13
FACTURACION,T_RESUMEN_CUBO_ESTRATEGIA_MES_REAL_VOZ,16
FACTURACION,T_RESUMEN_DIARIO_FACTURACION_PRELIMINAR_CCEE,22
FACTURACION,T_RESUMEN_KPIS_CALIDAD,6
FACTURACION,T_RESUMEN_MAXIMO_DIA_MES,5
FACTURACION,T_RESUMEN_MES_FACTURACION_PRELIMINAR_CCEE,54
FACTURACION,T_RESUMEN_MES_FACTURACION_PRELIMINAR_VOZ_ALBATROS,95
FACTURACION,T_TEMP_CASOS_BOTMAKER,9
FACTURACION,T_TEMP_CASOS_BOTMAKER_DIARIO,9
FACTURACION,T_TEMP_DATOS_BO,7
FACTURACION,T_TEMP_DETALLE_CALIDAD,7
FACTURACION,T_TEMP_FACTURACION_DIA,79
FACTURACION,T_TEMP_FACTURACION_INTERVALO,73
FACTURACION,T_TEMP_FACTURACION_INTERVALO_RETENCIONES,69
FACTURACION,T_TEMP_FACTURACION_MES,120
FACTURACION,T_TEMP_FACTURACION_MES2,106
FACTURACION,T_TEMP_FACTURACION_NUEVO_COR,7
FACTURACION,T_TEMP_HORAS_BOTMAKER_DIARIO,6
FACTURACION,T_TEMP_HORAS_BOTMAKER_RES,6
FACTURACION,T_TEMP_INPUT_CALIDAD,12
FACTURACION,T_TEMP_INPUT_COR,16
FACTURACION,T_TEMP_INPUT_COR_PASO1,8
FACTURACION,T_TEMP_INPUT_HORARIO,22
FACTURACION,T_TEMP_INPUT_INTERVALOS_CONTIGENCIA,15
FACTURACION,T_TEMP_INPUT_LINEA_FINAL_FACTURACION_CCEE_PASO1,5
FACTURACION,T_TEMP_INPUT_LINEA_FINAL_FACTURACION_CCEE_PASO2,15
FACTURACION,T_TEMP_INPUT_PARAMETROS,19
FACTURACION,T_TEMP_INPUT_PARAMETROS_VALORES_CROSS,4
FACTURACION,T_TEMP_INPUT_PARAMETROS_VOZ_CIRCULAR,5
FACTURACION,T_TEMP_INPUT_PARAMETROS_VOZ_FDD,10
FACTURACION,T_TEMP_INPUT_PARAMETROS_VOZ_FDD_2,10
FACTURACION,T_TEMP_INPUT_SATISFACCION,14
FACTURACION,T_TEMP_INPUT_SATISFACCION_PASO1,7
FACTURACION,T_TEMP_INPUT_SIMULACION,17
FACTURACION,T_TEMP_INPUT_SIMULACION_PASO1,7
FACTURACION,T_TEMP_INPUT_USUARIOS_COR,15
FACTURACION,T_TEMP_INPUT_USUARIOS_COR_PASO1,7
FACTURACION,T_TEMP_LISTA_FDS,23
FACTURACION,T_TEMP_LISTA_VERSION,15
FACTURACION,T_TEMP_PRELIMINAR_BO,18
FACTURACION,T_TEMP_PRELIMINAR_BO_OTROS_KIPU,17
FACTURACION,T_TEMP_PRELIMINAR_CCEE_KIPU,66
FACTURACION,T_TEMP_PRELIMINAR_COMISIONES_CROSS,15
FACTURACION,T_TEMP_PRELIMINAR_RETEN_FIDE,18
FACTURACION,T_TEMP_RESUMEN_INTERVALOS_X_DIA,6
FACTURACION,T_T_INPUT_PARAMETROS_VOZ_CIRCULAR,4
FACTURACION,YOHA_BO_REAL_CIERRE_AGOSTO,7
FACTURACION,YOHA_BO_REAL_CIERRE_NOVIEMBRE,7
FACTURACION,YOHA_BO_REAL_CIERRE_OCTUBRE,7
FACTURACION,YOHA_BO_REAL_CIERRE_SETIEMBRE,7
FACTURACION,YOHA_OPERATIVO_V4_INCLUYE_TUVES,7
FACTURACION,________T_CCEE_MODELO_OBJETIVOS_TEMPO,7
FACTURACION,sysdiagrams,5
FACTURACION_HISPAM,20241105____HISPAM_TEMP_ECUADOR_EVENTO,47
FACTURACION_HISPAM,20241105____HISPAM_TEMP_ECUADOR_HORA,30
FACTURACION_HISPAM,20241120_____MIX_ALBATROS_T_TEMPORAL,14
FACTURACION_HISPAM,HISPAM_CONFIGURACION_CARGA_PAIS,8
FACTURACION_HISPAM,HISPAM_CONFIGURACION_CARGA_PAIS_CAMPOS,5
FACTURACION_HISPAM,MIXA_HISPAM_TC,3
FACTURACION_HISPAM,MIXA_LISTADO_PAIS_MONEDA,5
FACTURACION_HISPAM,MIX_ALBATROS_FINAL,38
FACTURACION_HISPAM,MIX_ALBATROS_FINAL_20241031,38
FACTURACION_HISPAM,MIX_ALBATROS_FINAL_20241105,38
FACTURACION_HISPAM,MIX_ALBATROS_FINAL_20241115,38
FACTURACION_HISPAM,MIX_ALBATROS_FINAL_20241204,38
FACTURACION_HISPAM,MIX_CARGA_TEMPORAL_HISPAM,16
FACTURACION_HISPAM,MIX_CARGA_TEMPORAL_HISPAM_20241120,16
FACTURACION_HISPAM,MIX_CARGA_TEMPORAL_HISPAM_20241204,16
FACTURACION_HISPAM,_____HISPAM_TEMP_ECUADOR,47
FACTURACION_HISPAM,_____HISPAM_TEMP_ECUADOR_EVENTO,47
FACTURACION_HISPAM,______HISPAM_CONFIGURACION_CARGA_PAIS_CAMPOS,4
FACTURACION_HISPAM,_______DATOS_HISPAM,22
FACTURACION_HISPAM,_______MIX_ALBATROS_FINAL_20241004,35
FACTURACION_HISPAM,_______MIX_ALBATROS_FINAL_20241030,38
FACTURACION_HISPAM,_______T_INPUT_PARAMETROS_20240717,44
FACTURACION_HISPAM,________HISPAM_CONFIGURACION_CARGA_PAIS,8
IVR_ADAPTATIVO,18052025_tramitador_Reten_2,1
IVR_ADAPTATIVO,20052025_tramitador_Reten,1
IVR_ADAPTATIVO,20230105_TEMP_VALIDAR,12
IVR_ADAPTATIVO,20230109_POSTPAGO_OLA2,1
IVR_ADAPTATIVO,202301_TEMP_VALIDAR,12
IVR_ADAPTATIVO,20230211_campania_cobranza,20
IVR_ADAPTATIVO,20230228_Base_Retenseg_68k,1
IVR_ADAPTATIVO,202302_bd_upsell_capl,1
IVR_ADAPTATIVO,20230313_FIJA_POTENCIAL,8
IVR_ADAPTATIVO,20230315_Estrangulados_01mar_al_08mar,5
IVR_ADAPTATIVO,20230328_INTRIGA_FASE3_IVRIN,4
IVR_ADAPTATIVO,20230328_INTRIGA_FASE3_IVRIN_FTTH_2MESES,3
IVR_ADAPTATIVO,20230328_INTRIGA_FASE3_IVRIN_FTTH_6MESES,3
IVR_ADAPTATIVO,20230328_INTRIGA_FASE3_IVRIN_HFC_2MESES,3
IVR_ADAPTATIVO,20230328_INTRIGA_FASE3_IVRIN_HFC_6MESES,3
IVR_ADAPTATIVO,202303_potenciales_fija,5
IVR_ADAPTATIVO,20230410_enrutamiento_cross,6
IVR_ADAPTATIVO,20230508_casos_infundados,11
IVR_ADAPTATIVO,202305_TEMP_VALIDAR,12
IVR_ADAPTATIVO,20231109_BASES_REPO_PILOTO_OCT23,15
IVR_ADAPTATIVO,20231116_base_reseteo_decos_adicional,9
IVR_ADAPTATIVO,20231220_2DO_PILOTO_RENTESEG,1
IVR_ADAPTATIVO,202312_MT_RES_AURA_1,4
IVR_ADAPTATIVO,20240119_3er_PILOTO_RENTESEG,5
IVR_ADAPTATIVO,20240215_CROSS_MOVIL_CAPTA_FIJA_AV,1
IVR_ADAPTATIVO,20240422_BOOnline_BaseClientes,7
IVR_ADAPTATIVO,20240515_Neutros_potenciales_Pospago,36
IVR_ADAPTATIVO,26052025_tramitadores_Reten,1
IVR_ADAPTATIVO,4PILOTO_RENTESEG,6
IVR_ADAPTATIVO,4PILOTO_RENTESEG_DETALLE,6
IVR_ADAPTATIVO,4PILOTO_RENTESEG_cobertura_postpago,1
IVR_ADAPTATIVO,AM_POTENCIAL_MIGRACION_ADSL_CON_COBERTURA,11
IVR_ADAPTATIVO,AM_POTENCIAL_REPETIDOR,5
IVR_ADAPTATIVO,Afiliacion_izipay_202209,3
IVR_ADAPTATIVO,B2C_DAIZIPAY_WHATSAPP_OUT,3
IVR_ADAPTATIVO,BASE2_BD_Resto_65.90,1
IVR_ADAPTATIVO,BASE3_Masificacion1MB_572K,1
IVR_ADAPTATIVO,BASE_ACUMULADA_tivr_cobranzas,2
IVR_ADAPTATIVO,BASE_ACUMULADA_tivr_cobranzas_V2,2
IVR_ADAPTATIVO,BASE_ANTERIOR_MTP_TECNICO,10
IVR_ADAPTATIVO,BASE_AURA_PORT_OUT_HIST,3
IVR_ADAPTATIVO,BASE_AURA_PORT_OUT_ULT,2
IVR_ADAPTATIVO,BASE_BLOQUEOS_Recargas_30_dias,5
IVR_ADAPTATIVO,BASE_BLOQUEOS_Recencia_Recargas,5
IVR_ADAPTATIVO,BASE_CALL_FIJA_TEMP_CLAQUETA,9
IVR_ADAPTATIVO,BASE_CALL_FIJA_TEMP_SMS,9
IVR_ADAPTATIVO,BASE_CALL_MOVIL_TEMP,6
IVR_ADAPTATIVO,BASE_ENRUTAMIENTO_ADAPTATIVO_MIGRA_X_AVERIA,3
IVR_ADAPTATIVO,BASE_EXCEL_CR_ESTRANGULAMIENTO,7
IVR_ADAPTATIVO,BASE_EXCEL_CR_ESTRANGULAMIENTO_CCEE,7
IVR_ADAPTATIVO,BASE_FACTURAS_PRIMER_GRUPO_AMDOCS_CICLO_0107,5
IVR_ADAPTATIVO,BASE_FIJA_SEGMENTACION,6
IVR_ADAPTATIVO,BASE_IMPACTO_FACO,2
IVR_ADAPTATIVO,BASE_INCIDENCIA_COBRANZA_FIJA,1
IVR_ADAPTATIVO,BASE_INICIAL_TRAMITADORES,5
IVR_ADAPTATIVO,BASE_IVR_ADAPTATIVO,10
IVR_ADAPTATIVO,BASE_IVR_LISTA_BLANCA,2
IVR_ADAPTATIVO,BASE_MIGRA_FIBRA_20230309,5
IVR_ADAPTATIVO,BASE_MOVIL_SEGMENTACION,6
IVR_ADAPTATIVO,BASE_MT_PILOTO,2
IVR_ADAPTATIVO,BASE_OSIPTEL_20230112,3
IVR_ADAPTATIVO,BASE_PILOTO_CROSS_202110,1
IVR_ADAPTATIVO,BASE_PRIORIDAD_PLATAFORMA,1
IVR_ADAPTATIVO,BASE_UNIFICADA_EXCLUIDOS,29
IVR_ADAPTATIVO,BASE_USSD,1
IVR_ADAPTATIVO,BASE_VICIO_MOVIL,1
IVR_ADAPTATIVO,BASE_tivr_cobranzas,3
IVR_ADAPTATIVO,BBDD_ClientesPotenciales_20230324,15
IVR_ADAPTATIVO,BD_ALEATORIO_MT_POTENCIAL,2
IVR_ADAPTATIVO,BD_CAEQBUYBACK_202312,13
IVR_ADAPTATIVO,BD_CASUISTICAS_RO3,18
IVR_ADAPTATIVO,BD_CASUISTICAS_RO3_INICIAL,18
IVR_ADAPTATIVO,BD_WhatsApp_2020,54
IVR_ADAPTATIVO,BLOQUEOS_BASE_Recargas_30_dias,5
IVR_ADAPTATIVO,BORRAR_T_ADAP_BASE,27
IVR_ADAPTATIVO,BaseRO1_Incidencia_decosTV_datafinal04012022,28
IVR_ADAPTATIVO,BaseSimulacion_TransferenciaBlindaje_Movil_20220202,4
IVR_ADAPTATIVO,Base_0_3Mbps_Traf_Ago22,3
IVR_ADAPTATIVO,Base_Claquetas_naked_ro02,3
IVR_ADAPTATIVO,Base_MT_quebrados_Final_20230831,36
IVR_ADAPTATIVO,Base_Marcar_degradado_fibra_20230420,13
IVR_ADAPTATIVO,Base_PortalCautivo_vcto0909_2309,4
IVR_ADAPTATIVO,Base_PortalCautivo_vcto0909_3009,5
IVR_ADAPTATIVO,Base_Prepago_ULT_30_DIAS_MENOR_5_SOLES_CCEE,1
IVR_ADAPTATIVO,Base_a_Cargar_Prepago_Diciembre,1
IVR_ADAPTATIVO,Base_a_Cargar_Prepago_Noviembre,1
IVR_ADAPTATIVO,Base_a_Cargar_Prepago_Octubre,1
IVR_ADAPTATIVO,Base_piloto_Migra_acumulado,3
IVR_ADAPTATIVO,Base_retenidos_dscto_ajuste_argumentario,12
IVR_ADAPTATIVO,Base_validacion_diaria_renteseg_012024,4
IVR_ADAPTATIVO,Base_validacion_diaria_renteseg_022024,4
IVR_ADAPTATIVO,Base_validacion_diaria_renteseg_112023,4
IVR_ADAPTATIVO,CABINA_actualizada_030522_2,7
IVR_ADAPTATIVO,CAMP_LISTA_FIJA_202101,6
IVR_ADAPTATIVO,CAMP_LISTA_FIJA_202102,7
IVR_ADAPTATIVO,CAMP_LISTA_FIJA_202102_ALEATORIA_20_PC,1
IVR_ADAPTATIVO,CAMP_LISTA_FIJA_NEW,6
IVR_ADAPTATIVO,CAMP_LISTA_FIJA_ULT,3
IVR_ADAPTATIVO,CAMP_LISTA_MOVIL_202101,6
IVR_ADAPTATIVO,CAMP_LISTA_MOVIL_202102,7
IVR_ADAPTATIVO,CAMP_LISTA_MOVIL_202102_40,1
IVR_ADAPTATIVO,CAMP_LISTA_MOVIL_202102_ALEATORIA_ENTRE_2,1
IVR_ADAPTATIVO,CAMP_LISTA_MOVIL_NEW,6
IVR_ADAPTATIVO,CAMP_LISTA_MOVIL_ULT,3
IVR_ADAPTATIVO,CATV_CORTADOS_09_11,7
IVR_ADAPTATIVO,CATV_CORTADOS_24_11,7
IVR_ADAPTATIVO,CDR_20220630101610_0950_0955,66
IVR_ADAPTATIVO,CDR_20240917,69
IVR_ADAPTATIVO,CDR_CALL_ID_202006,1
IVR_ADAPTATIVO,CDR_VALIDAR_EN_LINEA,66
IVR_ADAPTATIVO,CMS_Gray_List_20220704,7
IVR_ADAPTATIVO,COLOCAR_TELEFONO_SEGMENTO,3
IVR_ADAPTATIVO,CORTES_ADSL_0311,4
IVR_ADAPTATIVO,CX_FIJA_AMDOCS_carga_bloqueo,3
IVR_ADAPTATIVO,Clientes_a_migrar_a_Fibra,5
IVR_ADAPTATIVO,Completa_BA_20230222,1
IVR_ADAPTATIVO,Comunicacion_TV_20240509,42
IVR_ADAPTATIVO,DEGRADADOS_FIBRA_20230428,1
IVR_ADAPTATIVO,DEGRADADOS_FIBRA_20230519,1
IVR_ADAPTATIVO,DEGRADADOS_FIBRA_20230626,1
IVR_ADAPTATIVO,DEGRADADOS_FIBRA_20230724,1
IVR_ADAPTATIVO,DEGRADADOS_FIBRA_20230817,1
IVR_ADAPTATIVO,DEVOLUCION_20200905,1
IVR_ADAPTATIVO,DEVOLUCION_UPFRONT_TELEFONO_DNI,2
IVR_ADAPTATIVO,DNIS_NUEVA_SEGMENTACION_202009,3
IVR_ADAPTATIVO,DWH_LISTA_MIGRACION_FIJA_20211228,22
IVR_ADAPTATIVO,Desbloqueo_cobranzas_20210204,1
IVR_ADAPTATIVO,ETQ_CONTRATO_CLASICO,1
IVR_ADAPTATIVO,ETQ_CONTRATO_PLATA,1
IVR_ADAPTATIVO,EXCLUIR_ADSL_con_FIBRA,1
IVR_ADAPTATIVO,Estructura_LN,5
IVR_ADAPTATIVO,FA_COMUNICACION_DEGRADACION_FIJA,1
IVR_ADAPTATIVO,FA_COMUNICACION_DEGRADACION_MOVIL,1
IVR_ADAPTATIVO,FA_NO_BORRAR_ADAPTATIVO_Base_FFTH_NO_MT,10
IVR_ADAPTATIVO,FIJA_18012020_MAIL_DANA,39
IVR_ADAPTATIVO,FIJA_202212,6
IVR_ADAPTATIVO,FIJA_202305,4
IVR_ADAPTATIVO,FIJA_202305_,6
IVR_ADAPTATIVO,FIJA_COMPLETA_TV_20230622,1
IVR_ADAPTATIVO,FIJA_COMPLETA_TV_AV_20230622,1
IVR_ADAPTATIVO,FIJA_REITERADORES,1
IVR_ADAPTATIVO,GL_ATIS_RO3.1_27JUL,3
IVR_ADAPTATIVO,GL_CMS_RO3.1_25JUL,5
IVR_ADAPTATIVO,GL_MONO_03_06_22,9
IVR_ADAPTATIVO,GUARDAR_BASE_TRAMITADORES,5
IVR_ADAPTATIVO,HEAVY_USERS_20200923,1
IVR_ADAPTATIVO,ID_CASO_ENCUESTAS,1
IVR_ADAPTATIVO,INC_PORT_20220317,1
IVR_ADAPTATIVO,INTRIGA_IVRIN_FTTH_2MESES_20230321,3
IVR_ADAPTATIVO,INTRIGA_IVRIN_FTTH_6MESES_20230321,3
IVR_ADAPTATIVO,INTRIGA_IVRIN_HFC_2MESES_20230321,3
IVR_ADAPTATIVO,INTRIGA_IVRIN_HFC_6MESES_20230321,3
IVR_ADAPTATIVO,Iquitos_Fija,1
IVR_ADAPTATIVO,Iquitos_Movil,1
IVR_ADAPTATIVO,JC_iNCREMENTO_PRECIO_20220901,9
IVR_ADAPTATIVO,JOURNEY_REITERADAS_CRITICO,1
IVR_ADAPTATIVO,JOURNEY_REITERADAS_CRITICO_20240529,1
IVR_ADAPTATIVO,JOURNEY_REITERADAS_CRITICO_20240902,1
IVR_ADAPTATIVO,JOURNEY_REITERADAS_CRITICO_20240903,1
IVR_ADAPTATIVO,JOURNEY_REITERADAS_CRITICO_20240904,1
IVR_ADAPTATIVO,JOURNEY_REITERADAS_CRITICO_20240905,1
IVR_ADAPTATIVO,JOURNEY_REITERADAS_CRITICO_20240906,1
IVR_ADAPTATIVO,JOURNEY_REITERADAS_CRITICO_2024_05_29,1
IVR_ADAPTATIVO,LINEAS_SEM_40,2
IVR_ADAPTATIVO,LINEAS_SEM_42,2
IVR_ADAPTATIVO,LINEAS_SEM_43,2
IVR_ADAPTATIVO,LINEAS_SEM_45,2
IVR_ADAPTATIVO,LINEAS_SEM_46,2
IVR_ADAPTATIVO,LINEAS_SEM_47,2
IVR_ADAPTATIVO,Linea_HU_4K_20230928,1
IVR_ADAPTATIVO,ListaVip_Tenencia_20220310,22
IVR_ADAPTATIVO,ListaVip_al_20220321,12
IVR_ADAPTATIVO,Lista_VIP_20220318,12
IVR_ADAPTATIVO,Llamadas_agencias_20220318,13
IVR_ADAPTATIVO,Llamadas_agencias_20220318_v1,12
IVR_ADAPTATIVO,Llamadas_agencias_20220318_v2,14
IVR_ADAPTATIVO,Llamadas_agencias_20220318_v3,14
IVR_ADAPTATIVO,MIGRA_NOKIA_20221029,10
IVR_ADAPTATIVO,MOVIL_202008,4
IVR_ADAPTATIVO,MOVIL_REITERADORES,1
IVR_ADAPTATIVO,MTA_Bitacora_20220718,26
IVR_ADAPTATIVO,MTA_Bitacora_20220823,32
IVR_ADAPTATIVO,MT_CORTADOS_1711,1
IVR_ADAPTATIVO,MT_bloqueo_20220307,2
IVR_ADAPTATIVO,Migra_Consolidado_20221025,2
IVR_ADAPTATIVO,Migra_Consolidado_20230222,2
IVR_ADAPTATIVO,Migra_Consolidado_20230308,9
IVR_ADAPTATIVO,Migra_Consolidado_20230331,2
IVR_ADAPTATIVO,Migra_Consolidado_20230705,2
IVR_ADAPTATIVO,Migra_Consolidado_20230718,2
IVR_ADAPTATIVO,Migra_Consolidado_20230726,2
IVR_ADAPTATIVO,Migra_Consolidado_20230809,2
IVR_ADAPTATIVO,Migra_Consolidado_20240813,2
IVR_ADAPTATIVO,Migra_TV_TV_20220104,27
IVR_ADAPTATIVO,Migración_tecnologia_ADSL_20230308,8
IVR_ADAPTATIVO,Migración_tecnologia_Fibra_20230307,20
IVR_ADAPTATIVO,Migración_tecnologia_Fibra_20230307_ok,20
IVR_ADAPTATIVO,MigraxAveria_20240325,2
IVR_ADAPTATIVO,MigraxAveria_Enrutamiento_20240320,3
IVR_ADAPTATIVO,NO_BORRAR_ADAPTATIVO_Base_MigraxAveria,1
IVR_ADAPTATIVO,NO_BORRAR_ADAPTATIVO_Heavy_Users,1
IVR_ADAPTATIVO,NO_BORRAR_ADAPTATIVO_Planta_MT_Diaria,8
IVR_ADAPTATIVO,NO_BORRAR_ADAPTATIVO_Planta_activa_MT,4
IVR_ADAPTATIVO,NO_BORRAR_ADAPTATIVO_Planta_con_pedidos_MT,5
IVR_ADAPTATIVO,NO_BORRAR_ADAPTATIVO_Prioridad_Fija,6
IVR_ADAPTATIVO,NO_BORRAR_ADAPTATIVO_Prioridad_Movil,6
IVR_ADAPTATIVO,NO_BORRAR_ADAPTATIVO_Recargas_30_dias,3
IVR_ADAPTATIVO,NO_BORRAR_ADAPTATIVO_Recencia_Recargas,4
IVR_ADAPTATIVO,NO_BORRAR_BASE_FILTRAR_TRAMITADORES_ADHOC,1
IVR_ADAPTATIVO,NO_BORRAR_INFO_LOGUEO,11
IVR_ADAPTATIVO,NO_BORRAR_TRAMITADORES,1
IVR_ADAPTATIVO,NO_BORRAR_TRAMITADORES_BASE_RETENCIONES_167,1
IVR_ADAPTATIVO,NO_BORRAR_TRAMITADORES_BASE_RETENCIONES_167_BACKUP,1
IVR_ADAPTATIVO,NO_BORRAR_TRAMITADORES_VISOR_BI_RETENCIONES,4
IVR_ADAPTATIVO,NO_BORRAR_archivo_loginout,6
IVR_ADAPTATIVO,NO_BORRAR_lineas_tramitadores_a_retirar,5
IVR_ADAPTATIVO,NO_BORRAR_piloto_capta_fija_mt,1
IVR_ADAPTATIVO,NO_BORRAR_piloto_capta_movil_mt,1
IVR_ADAPTATIVO,NO_BORRAR_tramitadores_a_retirar,1
IVR_ADAPTATIVO,NUEVA_SEGMENTACION_202307,5
IVR_ADAPTATIVO,NUEVA_SEGMENTACION_202308,5
IVR_ADAPTATIVO,PAGOS_FICTICIOS_CAMP_20_SOLES,17
IVR_ADAPTATIVO,PERFIL_TRANSFERENCIA_20250507,5
IVR_ADAPTATIVO,PILOTO_RENTESEG_20K_20231130,2
IVR_ADAPTATIVO,PILOTO_RENTESEG_50K_20231206,1
IVR_ADAPTATIVO,PLANTA_FIJA_B2B,8
IVR_ADAPTATIVO,PLANTA_MT_1,1
IVR_ADAPTATIVO,PLANTA_MT_20230816,7
IVR_ADAPTATIVO,PLANTA_PRIORIDAD_202405,6
IVR_ADAPTATIVO,PLANTA_RICHI_FACT,6
IVR_ADAPTATIVO,PORTADOS_CLARO_20210813,1
IVR_ADAPTATIVO,Pedido_Graylist_Comunicacion_20220610,45
IVR_ADAPTATIVO,Planta_CMS,6
IVR_ADAPTATIVO,Planta_HFC_202202,17
IVR_ADAPTATIVO,Planta_MT_Ago24,5
IVR_ADAPTATIVO,Planta_MT_MargenAlto_FTTH_120824,12
IVR_ADAPTATIVO,Planta_MT_MargenAlto_FTTH_120824_V2,13
IVR_ADAPTATIVO,Potencial_DIVICAUS_MxA_20231005,7
IVR_ADAPTATIVO,Q_canales_MT_movil_10k,17
IVR_ADAPTATIVO,RA_DET_PLANTA_POSTPAGO_FACT,12
IVR_ADAPTATIVO,RA_DET_PLANTA_POSTPAGO_FACT_SEG,13
IVR_ADAPTATIVO,RA_DET_PLANTA_POSTPAGO_FACT_SEG_2,15
IVR_ADAPTATIVO,RA_LLAM_ENT_CC_ULTIMO_MES,9
IVR_ADAPTATIVO,RA_NO_RECARGADORES_30_120_DIAS,7
IVR_ADAPTATIVO,RA_NO_RECARGADORES_30_120_DIAS_ANTERIOR,4
IVR_ADAPTATIVO,RA_PLANTA_PREPAGO_RECARGADORA_PROM3M,10
IVR_ADAPTATIVO,RA_PLANTA_PREPAGO_RECARGADORA_PROM3M_SEG,10
IVR_ADAPTATIVO,RA_PLANTA_PREPAGO_RECARGADORA_ULT3M,5
IVR_ADAPTATIVO,RA_REITERADAS_FIJA_MAS_DE_2_ULT24HORAS,2
IVR_ADAPTATIVO,RA_REITERADAS_MAS_DE_2_ULT24HORAS,2
IVR_ADAPTATIVO,RA_TELEF_UNICOS_LOGIN_APP_MIMOV,3
IVR_ADAPTATIVO,RA_TEL_POSTPAGO_CLUSTERS,4
IVR_ADAPTATIVO,RA_TEL_PREPAGO_CLUSTERS,4
IVR_ADAPTATIVO,RA_TEL_PREPAGO_CLUSTERS_20_25,1
IVR_ADAPTATIVO,RA_TEL_PREPAGO_CLUSTERS_25_30,1
IVR_ADAPTATIVO,RA_TMP_REITERADAS_FIJA_MAS_DE_2_ULT24HORAS,2
IVR_ADAPTATIVO,RA_TMP_REITERADAS_MAS_DE_2_ULT24HORAS,2
IVR_ADAPTATIVO,RENTESEG_20231213,1
IVR_ADAPTATIVO,RG_BASE_PREPAGO_RECARGADOR_00_15,1
IVR_ADAPTATIVO,RG_BASE_REITERADAS_FIJA_MAYOR3,1
IVR_ADAPTATIVO,RG_MOVIL_AUMENTA_VELOCIDAD,1
IVR_ADAPTATIVO,RG_REITERADAS_2_ULT24HORAS,2
IVR_ADAPTATIVO,RG_REITERADOS_CRONICOS,1
IVR_ADAPTATIVO,RG_TABLA_ENRUTAMIENTO_ALTAS_MIGRADOS,1
IVR_ADAPTATIVO,RG_TABLA_ENRUTAMIENTO_TECNICA,1
IVR_ADAPTATIVO,ROLL_OUT_0_20210825_NO_CONSIDERAR,8
IVR_ADAPTATIVO,RO_0_20210630,2
IVR_ADAPTATIVO,RO_0_20210713,2
IVR_ADAPTATIVO,RO_0_20210727,3
IVR_ADAPTATIVO,RTD_Planta_Pangea_20240425,9
IVR_ADAPTATIVO,RTD_Planta_Pangea_20240801,9
IVR_ADAPTATIVO,Reclamos_080523vf,11
IVR_ADAPTATIVO,Repetidor_20210713,2
IVR_ADAPTATIVO,Reporte_Direccion_Instalacion_GL_PRE,8
IVR_ADAPTATIVO,Reporte_Direccion_Instalacion_GL_PRE_EXCEL,9
IVR_ADAPTATIVO,Reporte_Direccion_Instalacion_WL_20220731,8
IVR_ADAPTATIVO,Reporte_Direccion_Instalacion_WL_RO2_20220227,8
IVR_ADAPTATIVO,Reporte_Direccion_Instalacion_WL_V2,11
IVR_ADAPTATIVO,SUSPENSION_ADSL_0110,1
IVR_ADAPTATIVO,T3,1
IVR_ADAPTATIVO,T4,1
IVR_ADAPTATIVO,TECNICA_CROSS_potencial_202202,5
IVR_ADAPTATIVO,TEMP_BASE_ACTUAL,1
IVR_ADAPTATIVO,TEMP_CESAR_1,6
IVR_ADAPTATIVO,TEMP_EXPORT_DEGRA_OM,2
IVR_ADAPTATIVO,TEMP_SMS_PORTA,2
IVR_ADAPTATIVO,TEMP_VALIDAR,13
IVR_ADAPTATIVO,TMP_ATENDIDAS_CESAR,12
IVR_ADAPTATIVO,TMP_CLUSTERS_IVR_ADAPTATIVO,5
IVR_ADAPTATIVO,TRAMITADORES,1
IVR_ADAPTATIVO,TRAMITADORES_20221003,1
IVR_ADAPTATIVO,TRAMITADORES_anterior,1
IVR_ADAPTATIVO,TRAMITADOR_JULIO2019_1,1
IVR_ADAPTATIVO,TROBAS_SATURADAS_202007,2
IVR_ADAPTATIVO,TROBAS_SATURADAS_202007_,6
IVR_ADAPTATIVO,TROBAS_SATURADAS_202007_ANT_V2,6
IVR_ADAPTATIVO,TROBAS_SATURADAS_202007_SEM34,6
IVR_ADAPTATIVO,TROBAS_SATU_PORC,2
IVR_ADAPTATIVO,TROBAS_SATU_PORC_,2
IVR_ADAPTATIVO,TROBAS_SATU_PORC_ANT_V2,2
IVR_ADAPTATIVO,TROBAS_SATU_PORC_SEM34,2
IVR_ADAPTATIVO,TROBA_SATU_202008,6
IVR_ADAPTATIVO,TROBA_SEM_40,3
IVR_ADAPTATIVO,TROBA_SEM_42,3
IVR_ADAPTATIVO,TROBA_SEM_43,3
IVR_ADAPTATIVO,TROBA_SEM_45,3
IVR_ADAPTATIVO,TROBA_SEM_46,3
IVR_ADAPTATIVO,TROBA_SEM_47,3
IVR_ADAPTATIVO,T_ADAP_BASE,14
IVR_ADAPTATIVO,T_ADAP_BASE_V2,26
IVR_ADAPTATIVO,T_ADAP_BASE_V3,17
IVR_ADAPTATIVO,T_ADAP_BASE_V4,16
IVR_ADAPTATIVO,T_ADAP_CDU_FCR,3
IVR_ADAPTATIVO,T_ADAP_STATUS,9
IVR_ADAPTATIVO,T_ADAP_TIPO,9
IVR_ADAPTATIVO,T_BASE,1
IVR_ADAPTATIVO,T_BASEBONO_MTSA_,15
IVR_ADAPTATIVO,T_BASES_COMUNICACION_DEGRADACION,3
IVR_ADAPTATIVO,T_BASE_2,2
IVR_ADAPTATIVO,T_BASE_50_MT_AURA,1
IVR_ADAPTATIVO,T_BASE_ANALGESICO,2
IVR_ADAPTATIVO,T_BASE_AUTOMATISMOS_AURA,8
IVR_ADAPTATIVO,T_BASE_CLIENTES_ALTAS_NUEVAS_MIGRADOS_1ERMES_PREP_AURA,6
IVR_ADAPTATIVO,T_BASE_CLIENTES_ALTAS_NUEVAS_MIGRADOS_AURA,6
IVR_ADAPTATIVO,T_BASE_CLIENTES_PRESUNTOS_TRAMITADORES,13
IVR_ADAPTATIVO,T_BASE_CLIENTES_REIT_TEC_FIJA,4
IVR_ADAPTATIVO,T_BASE_CLIENTES_REIT_TEC_MOVIL,4
IVR_ADAPTATIVO,T_BASE_COMUNICACION_COBRANZAS,3
IVR_ADAPTATIVO,T_BASE_PILOTO_ALTAS_TACNA,3
IVR_ADAPTATIVO,T_BASE_RECENCIA_CCEE_MARIEL,1
IVR_ADAPTATIVO,T_BASE_REITERADORES_TRATAMIENTO,7
IVR_ADAPTATIVO,T_BASE_SMS_ENVIO_IP_2021_MOVIL,9
IVR_ADAPTATIVO,T_BASE_SMS_ENVIO_IP_2021_MT,12
IVR_ADAPTATIVO,T_CARPETA_TEMP,2
IVR_ADAPTATIVO,T_CATV_CORTADOS_09_11,6
IVR_ADAPTATIVO,T_DETALLE_ONEMARKETER_TEMP_DAILY,28
IVR_ADAPTATIVO,T_DIM_BASE_CONVERGENTE,8
IVR_ADAPTATIVO,T_DIM_BASE_MTP_x_CLIENTE,10
IVR_ADAPTATIVO,T_DIM_BASE_MTP_x_CLIENTE2,10
IVR_ADAPTATIVO,T_DIM_BASE_MTP_x_CLIENTE3,10
IVR_ADAPTATIVO,T_DIM_BASE_MTP_x_CLIENTE_ADAPTATIVO,11
IVR_ADAPTATIVO,T_DIM_LOG_IVR_ADAPTATIVO,3
IVR_ADAPTATIVO,T_ENCUESTAS_LOCALIDAD_CLUSTER,3
IVR_ADAPTATIVO,T_ENVIO_SMS_202103,3
IVR_ADAPTATIVO,T_EXCEL_IP_MOVIL_2021,14
IVR_ADAPTATIVO,T_EXCEL_IP_MOVIL_2021_CCEE,13
IVR_ADAPTATIVO,T_EXPORTADO_CLIENTES_LN,2
IVR_ADAPTATIVO,T_EXPORTAR_ADAPTATIVO_CCEE,2
IVR_ADAPTATIVO,T_EXPORTAR_ADAPTATIVO_FIJA,2
IVR_ADAPTATIVO,T_EXPORTAR_ADAPTATIVO_MOVIL,2
IVR_ADAPTATIVO,T_EXPORTAR_ADAPTATIVO_MT,2
IVR_ADAPTATIVO,T_EXPORTAR_MIGRACION_FIBRA_FIJA,2
IVR_ADAPTATIVO,T_GRAYLIST_RESD_ATIS_20221102_BASE_RO2,8
IVR_ADAPTATIVO,T_Grupos_CDU_1,2
IVR_ADAPTATIVO,T_Grupos_CDU_2,2
IVR_ADAPTATIVO,T_IMEI_20200227,1
IVR_ADAPTATIVO,T_INFO_PREVISION_MES_PRONOSTICO,3
IVR_ADAPTATIVO,T_INFO_PREVISION_MES_PRONOSTICO_JAVI,4
IVR_ADAPTATIVO,T_INFO_PREVISION_X_DIA_X_GRUPO_PLATAFORMA,14
IVR_ADAPTATIVO,T_INFO_PREVISION_X_DIA_X_PLATAFORMA_PPP,14
IVR_ADAPTATIVO,T_INFO_PREVISION_X_DIA_X_PLATAFORMA_PPP_DETALLE,20
IVR_ADAPTATIVO,T_INFO_PREVISION_X_DIA_X_PLATAFORMA_PPP_JAVI,14
IVR_ADAPTATIVO,T_INFO_PREVISION_X_INTERVALOS,12
IVR_ADAPTATIVO,T_INFO_PREVISION_X_INTERVALO_X_PLATAFORMA_PPP,11
IVR_ADAPTATIVO,T_INFO_PREVISION_X_INTERVALO_X_PLATAFORMA_PPP_DETALLE,21
IVR_ADAPTATIVO,T_INFO_PREVISION_X_INTERVALO_X_PLATAFORMA_PPP_DETALLE_2,17
IVR_ADAPTATIVO,T_INFO_PREVISION_X_INTERVALO_X_PLATAFORMA_PPP_JAVI,15
IVR_ADAPTATIVO,T_INTERVALO_HORARIO,2
IVR_ADAPTATIVO,T_IP_INSERT,7
IVR_ADAPTATIVO,T_IP_INSERT_CHAMO,8
IVR_ADAPTATIVO,T_LOG,4
IVR_ADAPTATIVO,T_LOG_BASE_DEGRA,4
IVR_ADAPTATIVO,T_LOG_BASE_NPS_AVISO_CORTE_2,4
IVR_ADAPTATIVO,T_LOG_LINEAS_DEGRA,2
IVR_ADAPTATIVO,T_LOG_MENSAJERIA_COBRANZA_ACCESADAS,12
IVR_ADAPTATIVO,T_LOG_MENSAJERIA_COBRANZA_BASE,2
IVR_ADAPTATIVO,T_LOG_MENSAJERIA_COBRANZA_ENTRANTES,14
IVR_ADAPTATIVO,T_LOG_MENSAJERIA_COBRANZA_ID,9
IVR_ADAPTATIVO,T_LOG_PROCESO_CARGA_IVR_ADAPTATIVO,6
IVR_ADAPTATIVO,T_Masificacion1MB_572K,1
IVR_ADAPTATIVO,T_Mensaje_1_20210916,1
IVR_ADAPTATIVO,T_PAGOS_FICTICIOS_20220222,2
IVR_ADAPTATIVO,T_PLANTA_FIJA_TOTAL_IncPrecio_202201,7
IVR_ADAPTATIVO,T_PLANTA_RENTA_202201,7
IVR_ADAPTATIVO,T_PLANTA_RENTA_202201_COMERCIAL,9
IVR_ADAPTATIVO,T_PRUEBA_PLANTA_POSTPAGO_EDAD,1
IVR_ADAPTATIVO,T_RESTO_ENTRANTES_ADAPTATIVO_ULT,1
IVR_ADAPTATIVO,T_RESTO_ENTRANTES_ADAPTATIVO_ULT_TODAY,1
IVR_ADAPTATIVO,T_RESUMEN_FUNNEL_CCEE_DIA,9
IVR_ADAPTATIVO,T_SMS_20211026,3
IVR_ADAPTATIVO,T_SMS_SMS,1
IVR_ADAPTATIVO,T_TELEFONO,1
IVR_ADAPTATIVO,T_TELEFONOS_NO_BLOQUEO,1
IVR_ADAPTATIVO,T_TEMP_BASES_DEGRA,4
IVR_ADAPTATIVO,T_TEMP_EXP_MAX,2
IVR_ADAPTATIVO,T_TEMP_RESUMEN_ADAP,3
IVR_ADAPTATIVO,T_UMBRALES,7
IVR_ADAPTATIVO,T_UMBRALES_PLATAFORMA_PPP,7
IVR_ADAPTATIVO,T_VAL,1
IVR_ADAPTATIVO,T_VALIDAR,2
IVR_ADAPTATIVO,T_validar_cdu_202106,3
IVR_ADAPTATIVO,Tethering_20230927,1
IVR_ADAPTATIVO,Trobas_Saturadas_noviembre,1
IVR_ADAPTATIVO,UP_SEM_34,2
IVR_ADAPTATIVO,VALIDAR_RP_ADAP_20221019,1
IVR_ADAPTATIVO,Z_TEMP_NO_RECARGADORES_30_120_DIAS,4
IVR_ADAPTATIVO,agentes_cross_202305,2
IVR_ADAPTATIVO,agentes_cross_ranking_202305,10
IVR_ADAPTATIVO,apagado_3g_base_total,2
IVR_ADAPTATIVO,asistencia_11102023_BI,3
IVR_ADAPTATIVO,averia_20220314,7
IVR_ADAPTATIVO,baja_shaper_20230417,3
IVR_ADAPTATIVO,base,1
IVR_ADAPTATIVO,base_10k_piloto_comunicacion,6
IVR_ADAPTATIVO,base_MT_quebrado_20230828,36
IVR_ADAPTATIVO,base_Migracion_FTTH_No_Navega_V2,1
IVR_ADAPTATIVO,base_Reclamos_movil_6k_20230508,2
IVR_ADAPTATIVO,base_Reclamos_movil_8k_20230508,1
IVR_ADAPTATIVO,base_migra_20230719,7
IVR_ADAPTATIVO,base_migracion_ftth_no_navega,1
IVR_ADAPTATIVO,base_piloto_MxA_20231011,16
IVR_ADAPTATIVO,base_porta_fija_400K,1
IVR_ADAPTATIVO,base_tramitadores_enviador_202205,2
IVR_ADAPTATIVO,base_trobas_piloto_solucion_20210902,1
IVR_ADAPTATIVO,base_ventas_portabilidad_20220302,34
IVR_ADAPTATIVO,bd_upsell_capl_202301,1
IVR_ADAPTATIVO,bloqueo_envio_sms_2021,2
IVR_ADAPTATIVO,clientesEnPuertoSaturado,10
IVR_ADAPTATIVO,clientes_ftth_olts_saturadas,10
IVR_ADAPTATIVO,cmts_santarosa_20220209,3
IVR_ADAPTATIVO,contactabilidad_20220222,5
IVR_ADAPTATIVO,cortados_movil_20220630,5
IVR_ADAPTATIVO,cortes_atis_20220131,1
IVR_ADAPTATIVO,cortes_fija_ro2_no_naked_20220311,117
IVR_ADAPTATIVO,cr_lite_con_consumo_20220210,3
IVR_ADAPTATIVO,cr_lite_sin_consumo_20220208,3
IVR_ADAPTATIVO,cruce_base_seg,4
IVR_ADAPTATIVO,cruzar_intent,1
IVR_ADAPTATIVO,cuartil_cross_202309,4
IVR_ADAPTATIVO,cuartil_fija_202309,5
IVR_ADAPTATIVO,cuartil_movil_202309,5
IVR_ADAPTATIVO,cuartiles_agentes_20230421,6
IVR_ADAPTATIVO,cuartiles_agentes_20230424,6
IVR_ADAPTATIVO,cuartiles_retenciones_movil_202307,3
IVR_ADAPTATIVO,enc_apoyo,2
IVR_ADAPTATIVO,error_massimple_20220126,2
IVR_ADAPTATIVO,error_massimple_20220127,3
IVR_ADAPTATIVO,lista_vip_20220301,15
IVR_ADAPTATIVO,lista_vip_telefonos_202202,17
IVR_ADAPTATIVO,lite_sin_servicio_20220221,3
IVR_ADAPTATIVO,mplay_apagado_20230321,24
IVR_ADAPTATIVO,mplay_apagado_20230321_v2,20
IVR_ADAPTATIVO,nodo_planta_fija,4
IVR_ADAPTATIVO,nueva_base_cross_202201,4
IVR_ADAPTATIVO,paginasmarillas2_20220413,1
IVR_ADAPTATIVO,phoenix_3006,1
IVR_ADAPTATIVO,piloto_2_20220221,3
IVR_ADAPTATIVO,piloto_2_dimensionamiento_mplay,4
IVR_ADAPTATIVO,piloto_PortalCautivo_vcto0909_2809,1
IVR_ADAPTATIVO,piloto_PortalCautivo_vcto0909_3009,1
IVR_ADAPTATIVO,piloto_adsl_retenciones_202107,3
IVR_ADAPTATIVO,piloto_pago_automatico_20231026,3
IVR_ADAPTATIVO,planta_hfc_voip_23062022_PROC,16
IVR_ADAPTATIVO,planta_migrado_20230623,14
IVR_ADAPTATIVO,reclamos_averias_ult_6_meses,9
IVR_ADAPTATIVO,relacion_incidencias_motivos_202208,6
IVR_ADAPTATIVO,remocion_agentes_20230913,10
IVR_ADAPTATIVO,remocion_agentes_20230914,10
IVR_ADAPTATIVO,remocion_agentes_20230918,10
IVR_ADAPTATIVO,remocion_agentes_20230920,10
IVR_ADAPTATIVO,remocion_agentes_20230921,10
IVR_ADAPTATIVO,remocion_agentes_20231005,10
IVR_ADAPTATIVO,remocion_agentes_20231006,10
IVR_ADAPTATIVO,remocion_agentes_20231009,10
IVR_ADAPTATIVO,remocion_agentes_20231025,10
IVR_ADAPTATIVO,renta_fija_202012,4
IVR_ADAPTATIVO,reversiones_20K_appMM_111022,9
IVR_ADAPTATIVO,reversiones_20K_appMM_111022_2,10
IVR_ADAPTATIVO,revisar_downsell_20230926,9
IVR_ADAPTATIVO,segmentacion_ingresos_b2c_202507,9
IVR_ADAPTATIVO,sin_servicio_20230324,21
IVR_ADAPTATIVO,soloNum104,1
IVR_ADAPTATIVO,solo_fija_mt,5
IVR_ADAPTATIVO,solo_movil_mt,3
IVR_ADAPTATIVO,sysdiagrams,5
IVR_ADAPTATIVO,t1,10
IVR_ADAPTATIVO,t_archivo_2_caso_fraude,1
IVR_ADAPTATIVO,t_base_incidencia_20211012,1
IVR_ADAPTATIVO,t_cuadrantes_fija_202112,6
IVR_ADAPTATIVO,t_cuadrantes_movil_202112,6
IVR_ADAPTATIVO,t_descripcion_adaptativo,9
IVR_ADAPTATIVO,t_excel_erika_accesos_RO2_389k_V2,16
IVR_ADAPTATIVO,t_excel_erika_ccee_RO1_fija_388k,14
IVR_ADAPTATIVO,t_excel_erika_ccee_ip_2022,17
IVR_ADAPTATIVO,t_excel_erika_ccee_ip_fija_2022,15
IVR_ADAPTATIVO,t_excel_erika_voz_RO1_388k,15
IVR_ADAPTATIVO,t_excel_erika_voz_RO1_388k_V2,15
IVR_ADAPTATIVO,t_excel_erika_voz_accesos_RO1_388k,14
IVR_ADAPTATIVO,t_excel_erika_voz_entrantes_RO2_389k_V2,17
IVR_ADAPTATIVO,t_excel_erika_voz_ip_2022,18
IVR_ADAPTATIVO,t_excel_erika_voz_ip_fija_2022,16
IVR_ADAPTATIVO,t_revisar_accesos_flag,199
IVR_ADAPTATIVO,t_temp_cruce_20220222,1
IVR_ADAPTATIVO,tivr_cobranzas,4
IVR_ADAPTATIVO,tivr_cobranzas_20191126,3
IVR_ADAPTATIVO,validar_CR_imei_2023,2
IVR_ADAPTATIVO,validar_campos_IH,24
IVR_ADAPTATIVO,validar_heavy_users,3
IVR_ADAPTATIVO,validar_trami,4
LENGUAJE_NATURAL,sysdiagrams,5
METRICAS_CANALES_ESCRITOS,DIM.PLATAFORMA_AGRUPADA,9
METRICAS_CANALES_ESCRITOS,DIM.PROVEEDOR,2
METRICAS_CANALES_ESCRITOS,DIM.TIEMPO,43
METRICAS_CANALES_ESCRITOS,FACT_CCEE_METRICAS,38
METRICAS_CANALES_ESCRITOS,T_DIM_CANAL,2
METRICAS_CANALES_ESCRITOS,T_DIM_CATEGORIA,10
METRICAS_CANALES_ESCRITOS,T_DIM_CATEGORIA_COPIA_KCS,10
METRICAS_CANALES_ESCRITOS,T_DIM_CATEGORIA_PLATAFORMA,4
METRICAS_CANALES_ESCRITOS,T_DIM_CATEGORIA_PLATAFORMA_20230711,2
METRICAS_CANALES_ESCRITOS,T_DIM_FUENTE,2
METRICAS_CANALES_ESCRITOS,T_DIM_JERARQUIA_EMPRESA,3
METRICAS_CANALES_ESCRITOS,T_DIM_PLATAFORMA,6
METRICAS_CANALES_ESCRITOS,T_DIM_PLATAFORMA_BKP,4
METRICAS_CANALES_ESCRITOS,T_DIM_PLATAFORMA_UMBRAL,6
METRICAS_CANALES_ESCRITOS,T_DIM_PROVEEDOR,3
METRICAS_CANALES_ESCRITOS,T_DIM_RESULTADO,2
METRICAS_CANALES_ESCRITOS,T_DIM_SERVICIO,6
METRICAS_CANALES_ESCRITOS,T_DIM_SERVICIO_BKP,7
METRICAS_CANALES_ESCRITOS,T_DIM_SUBCANAL,7
METRICAS_CANALES_ESCRITOS,T_DIM_TIEMPO_INTERVALO,13
METRICAS_CANALES_ESCRITOS,T_DIM_TIPO_ATENCION,2
METRICAS_CANALES_ESCRITOS,T_DIM_TIPO_CATEGORIA,2
METRICAS_CANALES_ESCRITOS,T_DIM_TIPO_SUBCANAL,2
METRICAS_CANALES_ESCRITOS,T_FACT_METRICAS_CCEE_INTERVALOS,40
METRICAS_CANALES_ESCRITOS,T_FACT_METRICAS_CCEE_INTERVALOS_TIEM_ID_1,38
METRICAS_CANALES_ESCRITOS,T_FACT_METRICAS_CCEE_INTERVALOS_TMP,38
METRICAS_CANALES_ESCRITOS,T_FACT_METRICAS_CCEE_INTERVALOS_TMP_V2,38
METRICAS_CANALES_ESCRITOS,T_FACT_METRICAS_CCEE_INTERVALOS_duplicado,38
METRICAS_CANALES_ESCRITOS,T_RESUMEN_CCEE_DIA_W,39
METRICAS_CANALES_ESCRITOS,T_RESUMEN_CCEE_HORA_W,40
METRICAS_CANALES_ESCRITOS,T_RESUMEN_CCEE_INTERVALO_W,41
METRICAS_CANALES_ESCRITOS,T_RESUMEN_CCEE_MES_W,38
METRICAS_CANALES_ESCRITOS,T_RESUMEN_CCEE_METRICAS_DIA_W,11
METRICAS_CANALES_ESCRITOS,T_RESUMEN_CCEE_METRICAS_MES_W,10
METRICAS_CANALES_ESCRITOS,T_RESUMEN_CCEE_SEMANA_W,39
METRICAS_CANALES_ESCRITOS,T_RES_ONEMARKETER_30MIN_TEMP_V3,26
METRICAS_CANALES_ESCRITOS,T_STAGE_PRONOSTICO,8
METRICAS_CANALES_ESCRITOS,T_STAGE_TRAFICO_WHATSAPP_30MIN,33
METRICAS_CANALES_ESCRITOS,T_STAGE_TRAFICO_WHATSAPP_30MIN_V3,52
METRICAS_CANALES_ESCRITOS,sysdiagrams,5
METRICAS_CONTACT_CENTER,AM_Reporte_Seguimiento_cross_ccee_resumen_ULT3MESES,33
METRICAS_CONTACT_CENTER,BASE_AGENTE,2
METRICAS_CONTACT_CENTER,CCEE_AGENT_30MIN_PLATAFORMA_ULT3MESES,22
METRICAS_CONTACT_CENTER,CCEE_T_DIM_CATEGORIA_PLATAFORMA,4
METRICAS_CONTACT_CENTER,CCEE_T_DIM_PLATAFORMA,6
METRICAS_CONTACT_CENTER,CCEE_T_DIM_PROVEEDOR,3
METRICAS_CONTACT_CENTER,CCEE_T_DIM_TIEMPO_INTERVALO,13
METRICAS_CONTACT_CENTER,CCEE_T_FACT_METRICAS_CCEE_INTERVALOS,40
METRICAS_CONTACT_CENTER,CONSOLIDADO_METRICAS_AGENTE_CCEE_DIARIO_ULT3MESES,100
METRICAS_CONTACT_CENTER,CONSOLIDADO_METRICAS_AGENTE_CCEE_ULT3MESES,112
METRICAS_CONTACT_CENTER,ENCUESTAS_MEDALLIA_CHECA_TU_CASO,25
METRICAS_CONTACT_CENTER,ENCUESTAS_MEDALLIA_ESPECIALIZADOS,24
METRICAS_CONTACT_CENTER,RESUMEN_INDIC_GENERALES_VOZ_INTERVALO_ULT3MESES,37
METRICAS_CONTACT_CENTER,RESUMEN_METRICAS_WFM_MENSUAL_ULT3MESES,18
METRICAS_CONTACT_CENTER,RESUMEN_PRODUCTIVIDAD_PROVEEDOR_CCEE_ULT3MESES,14
METRICAS_CONTACT_CENTER,RESUMEN_TRANSFERENCIAS_VOZ_ULT3MESES,20
METRICAS_CONTACT_CENTER,RETENCIONES_FIJA,88
METRICAS_CONTACT_CENTER,RETENCIONES_MOVIL,68
METRICAS_CONTACT_CENTER,RETENCIONES_MT,140
METRICAS_CONTACT_CENTER,TEMP_FACT_HORAS_SIN_DATOS,9
METRICAS_CONTACT_CENTER,T_DIM_ARBOL_IVR,26
METRICAS_CONTACT_CENTER,T_DIM_ARBOL_IVR_Automatismos,8
METRICAS_CONTACT_CENTER,T_DIM_ARBOL_IVR_Service_Type,4
METRICAS_CONTACT_CENTER,T_DIM_ARBOL_IVR_X_NIVELES,6
METRICAS_CONTACT_CENTER,T_DIM_ARBOL_IVR_nuevo,24
METRICAS_CONTACT_CENTER,T_DIM_ARBOL_IVR_temp,18
METRICAS_CONTACT_CENTER,T_DIM_BASE_MTP_TEMPORAL,10
METRICAS_CONTACT_CENTER,T_DIM_BASE_MTP_TEMPORAL_LLAM,9
METRICAS_CONTACT_CENTER,T_DIM_COLA,19
METRICAS_CONTACT_CENTER,T_DIM_COLA_BACKUP_202206,19
METRICAS_CONTACT_CENTER,T_DIM_COLA_ERROR_20230714,19
METRICAS_CONTACT_CENTER,T_DIM_COLA_ORIGEN,2
METRICAS_CONTACT_CENTER,T_DIM_COLA_X_TECNOLOGIA,14
METRICAS_CONTACT_CENTER,T_DIM_FUENTE,2
METRICAS_CONTACT_CENTER,T_DIM_JERARQUIA_EMPRESA,3
METRICAS_CONTACT_CENTER,T_DIM_KPIS_REGLAS,9
METRICAS_CONTACT_CENTER,T_DIM_MODELO_PAGO,2
METRICAS_CONTACT_CENTER,T_DIM_NEGOCIO,3
METRICAS_CONTACT_CENTER,T_DIM_ORDEN_DIA,2
METRICAS_CONTACT_CENTER,T_DIM_PLATAFORMA,9
METRICAS_CONTACT_CENTER,T_DIM_PLATAFORMA_UMBRAL,16
METRICAS_CONTACT_CENTER,T_DIM_PLATAFORMA_UMBRAL_20240112,16
METRICAS_CONTACT_CENTER,T_DIM_PLATAFORMA_UMBRAL_BACKUP_20250810,16
METRICAS_CONTACT_CENTER,T_DIM_PLATAFORMA_UMBRAL_BACKUP_20260217,16
METRICAS_CONTACT_CENTER,T_DIM_PLATAFORMA_UMBRAL_temp_nuevos_cambios,16
METRICAS_CONTACT_CENTER,T_DIM_PROGRAMA,11
METRICAS_CONTACT_CENTER,T_DIM_PROVEEDOR,3
METRICAS_CONTACT_CENTER,T_DIM_PROVEEDOR_LOCAL,4
METRICAS_CONTACT_CENTER,T_DIM_SEGMENTO,3
METRICAS_CONTACT_CENTER,T_DIM_SISTEMA_COMERCIAL,2
METRICAS_CONTACT_CENTER,T_DIM_SITE_GENESYS,2
METRICAS_CONTACT_CENTER,T_DIM_TARIFA_HP,7
METRICAS_CONTACT_CENTER,T_DIM_TIEMPO_DIA,9
METRICAS_CONTACT_CENTER,T_DIM_TIEMPO_DIA_PRUEBA,9
METRICAS_CONTACT_CENTER,T_DIM_TIEMPO_INTERVALO,13
METRICAS_CONTACT_CENTER,T_DIM_TIEMPO_INTERVALO_prueba,13
METRICAS_CONTACT_CENTER,T_DIM_TIPO_DISTRIBUCION_CALL,4
METRICAS_CONTACT_CENTER,T_DIM_TIPO_GESTION,2
METRICAS_CONTACT_CENTER,T_DIM_TIPO_INTERACCION,3
METRICAS_CONTACT_CENTER,T_DIM_TIPO_INTERVALO,2
METRICAS_CONTACT_CENTER,T_FACT_ATENDIDAS_INTERVALO,47
METRICAS_CONTACT_CENTER,T_FACT_BASE_INCIDENCIAS_RESUMEN,3
METRICAS_CONTACT_CENTER,T_FACT_BASE_INCIDENCIAS_RESUMEN_V2,3
METRICAS_CONTACT_CENTER,T_FACT_CARGA_AVAYA_ATENTO,42
METRICAS_CONTACT_CENTER,T_FACT_DISTRIBUCION_COLA,5
METRICAS_CONTACT_CENTER,T_FACT_METRICAS_CC_DIA,69
METRICAS_CONTACT_CENTER,T_FACT_METRICAS_CC_INTERVALO,84
METRICAS_CONTACT_CENTER,T_FACT_RRSS_ESCENARIOS_WSPP,4
METRICAS_CONTACT_CENTER,T_FACT_TRAFICO_INTERVALO,57
METRICAS_CONTACT_CENTER,T_IMPACTOS_EXTERNOS_CC_PRONOSTICOS_2,5
METRICAS_CONTACT_CENTER,T_INPUT_TOPE_NPS_1_2_ULT3MESES,8
METRICAS_CONTACT_CENTER,T_KIPU_LISTADO_ETIQUETAS_1,1
METRICAS_CONTACT_CENTER,T_KIPU_LISTADO_ETIQUETAS_2,1
METRICAS_CONTACT_CENTER,T_KIPU_LISTADO_ETIQUETAS_3,1
METRICAS_CONTACT_CENTER,T_KIPU_LISTADO_ETIQUETAS_4,1
METRICAS_CONTACT_CENTER,T_KIPU_LISTADO_ID_PROVEEDORES,1
METRICAS_CONTACT_CENTER,T_KIPU_LISTADO_NOMBRE_PROVEEDORES,1
METRICAS_CONTACT_CENTER,T_KPIS_REGLAS,5
METRICAS_CONTACT_CENTER,T_KPIS_REGLAS_GRUPO_PLATAFORMA,9
METRICAS_CONTACT_CENTER,T_LISTA_EQUIVALENCIAS_AVAYA_ATENTO,2
METRICAS_CONTACT_CENTER,T_LISTA_INTERVALOS,3
METRICAS_CONTACT_CENTER,T_RESUMEN_CTI_72HR_FACTURACION,36
METRICAS_CONTACT_CENTER,T_RESUMEN_CTI_MENSUAL_ULT3MESES,42
METRICAS_CONTACT_CENTER,T_RESUMEN_PLACES,9
METRICAS_CONTACT_CENTER,T_TEMP_BASE_ALEATORIA,11
METRICAS_CONTACT_CENTER,T_TEMP_CARGA_AVAYA_ATENTO_PASO1,28
METRICAS_CONTACT_CENTER,T_TEMP_CARGA_AVAYA_ATENTO_PASO2,28
METRICAS_CONTACT_CENTER,T_TEMP_CARGA_AVAYA_ATENTO_PASO3,35
METRICAS_CONTACT_CENTER,T_TMP_CATALOGO_TRAFICO_MES_CALIDAD,2
METRICAS_CONTACT_CENTER,T_TMP_FACT_RESUMEN_CALIDAD,11
METRICAS_CONTACT_CENTER,T_TMP_FACT_RESUMEN_CALIDAD_V2,8
METRICAS_CONTACT_CENTER,T_TMP_FACT_TRAFICO_DIA,23
METRICAS_CONTACT_CENTER,T_TMP_FACT_TRAFICO_DIA_I,23
METRICAS_CONTACT_CENTER,T_TMP_FACT_TRAFICO_INTERVALO,51
METRICAS_CONTACT_CENTER,T_TMP_FACT_TRAFICO_MES,22
METRICAS_CONTACT_CENTER,T_TMP_FACT_TRAFICO_MES_I,22
METRICAS_CONTACT_CENTER,T_VOLCADO_CC_DIA,7
METRICAS_CONTACT_CENTER,T_VOLCADO_CC_DIA_2,7
METRICAS_CONTACT_CENTER,T_VOLCADO_CC_DIA_3,7
METRICAS_CONTACT_CENTER,USUARIOS_MULTICANAL_ULT_ACT,36
METRICAS_CONTACT_CENTER,USUARIOS_RECLAMOS_ult_act_ULT3MESES,36
METRICAS_CONTACT_CENTER,VW_BITACORA_EVENTOS_FORMATO_ANTERIOR_ULT3MESES,21
METRICAS_CONTACT_CENTER,sysdiagrams,5
PLANIFICACION,ACCESOS_TODAY_CRUCE,7
PLANIFICACION,BASE_RESUMEN_ENVIOS,9
PLANIFICACION,CCPULSE_AGENTES_HORA_CERRADA_CALCULADO,3
PLANIFICACION,CCPULSE_HORA_CERRADA_CALCULADO,10
PLANIFICACION,CCPULSE_NDS_DIA_TOTAL_CALCULADO,10
PLANIFICACION,CCPULSE_NDS_HORA_TOTAL_CALCULADO,10
PLANIFICACION,CONECTADOS_GLOBAL,11
PLANIFICACION,CargaArchivos,2
PLANIFICACION,Consolidado_Control_Envios,18
PLANIFICACION,Crono_ingresos_COLOMBIA,33
PLANIFICACION,ENTRANTES_TODAY_CRUCE,8
PLANIFICACION,JCO_AVH2_PLATAFORMA,9
PLANIFICACION,JCO_INSERT_MESSAGE,1
PLANIFICACION,JSS_AGENTES_REQUERIDOS_X_MES,15
PLANIFICACION,JSS_AGENTES_REQUERIDOS_X_SEMANA,13
PLANIFICACION,JSS_AGRUPACION_PLATAFORMAS,2
PLANIFICACION,JSS_AGRUPACION_VISTA_DIFERENCIA_APERTURA,9
PLANIFICACION,JSS_APERTURA_HORARIOS_PLATAFORMA,8
PLANIFICACION,JSS_BACKUP_PESO_X_INTERVALO_PLATAFORMA,7
PLANIFICACION,JSS_BACKUP_TMO_HISTORICO,11
PLANIFICACION,JSS_BASE_APERTURA_PLATAFORMAS_HISPAM,6
PLANIFICACION,JSS_BASE_APERTURA_SOCIOS_HISPAM,7
PLANIFICACION,JSS_BASE_FACTORES_PROYECCION_HISPAM,9
PLANIFICACION,JSS_CALCULO_TMO_FINAL_PRONOSTICO,12
PLANIFICACION,JSS_CALCULO_TMO_FINAL_PRONOSTICO_MEXICO,11
PLANIFICACION,JSS_CATALOGO_FECHAS_CRONOGRAMA_PLANIFICACION,4
PLANIFICACION,JSS_CATALOGO_NEGOCIO_PLATAFORMA,2
PLANIFICACION,JSS_CONSOLIDADO_CONTACTOS_ENTRANTES,9
PLANIFICACION,JSS_CONSOLIDADO_STATUS_SEMANAL,23
PLANIFICACION,JSS_CORTE_HISPAM_DIFERENCIA_AGENTES,12
PLANIFICACION,JSS_CORTE_HISPAM_DIFERENCIA_AGENTES_MEXICO,8
PLANIFICACION,JSS_CORTE_HISPAM_GTR,27
PLANIFICACION,JSS_CORTE_HISPAM_GTR_MEXICO,51
PLANIFICACION,JSS_CRONOGRAMA_INGRESOS_X_SEMANA,19
PLANIFICACION,JSS_CRONOGRAMA_INGRESOS_X_SEMANA_backup,19
PLANIFICACION,JSS_CRONOGRAMA_INGRESO_CAMBIO_FECHA_OJT_PLANIFICADO,9
PLANIFICACION,JSS_DIAS_FALTANTES_TRAFICO,5
PLANIFICACION,JSS_ENTRANTES_30_MIN_X_PLATAFORMA_MEXICO,12
PLANIFICACION,JSS_ENTRANTES_PROYECTADO_DIARIO,8
PLANIFICACION,JSS_ENTRANTES_X_GRUPO_PLATAFORMA,9
PLANIFICACION,JSS_ENTRANTES_X_PLATAFORMA_MEXICO,7
PLANIFICACION,JSS_FACTORES_PLATAFORMA_PERIODO,6
PLANIFICACION,JSS_FACTORES_REDUCTORES,20
PLANIFICACION,JSS_HORAS_ESTIMADAS_ERLANG_DIARIO,17
PLANIFICACION,JSS_HORAS_ESTIMADAS_ERLANG_INTERVALO,16
PLANIFICACION,JSS_INTERVALOS_BASE_X_PLATAFORMA,5
PLANIFICACION,JSS_LIMITES_CUARTILES_TRAFICO_X_DIA_HISPAM,7
PLANIFICACION,JSS_LIMITES_CUARTILES_TRAFICO_X_INTERVALO,9
PLANIFICACION,JSS_LISTA_FERIADOS,2
PLANIFICACION,JSS_LISTA_FERIADOS_V2,4
PLANIFICACION,JSS_LOG_REEMPLAZO_FERIADOS,10
PLANIFICACION,JSS_NDS_Y_ASA,5
PLANIFICACION,JSS_NUEVA_AGRUPACION_PLATAFORMAS_PLANIFICACION,4
PLANIFICACION,JSS_PESO_X_INTERVALO_PLATAFORMA,8
PLANIFICACION,JSS_PESO_X_INTERVALO_PLATAFORMA_MEXICO,8
PLANIFICACION,JSS_PESO_X_INTERVALO_PLATAFORMA_SUAVIZADO,10
PLANIFICACION,JSS_PESO_X_INTERVALO_PLATAFORMA_SUAVIZADO_MEXICO,10
PLANIFICACION,JSS_PLATAFORMAS_PLAYAS_PESO_X_INTERVALO_PLATAFORMA_SUAVIZADO,10
PLANIFICACION,JSS_PRONOSTICO_PLAYAS_2024_2025,5
PLANIFICACION,JSS_PRONOSTICO_PLAYAS_2024_2025_BACKUP_20250303,5
PLANIFICACION,JSS_PROYECCION_CON_FACTORES_APERTURA,11
PLANIFICACION,JSS_ROTACION_AUS_CRONOGRAMA,18
PLANIFICACION,JSS_RUTAS_MODELOS_PROYECCION_ENTRANTES,6
PLANIFICACION,JSS_RUTAS_MODELOS_PROYECCION_X_PLATAFORMA,7
PLANIFICACION,JSS_RUTAS_MODELOS_PROYECCION_X_PLATAFORMA_BACKUP,7
PLANIFICACION,JSS_STATUS_SEMANAL_VISTA_DIARIA,19
PLANIFICACION,JSS_STATUS_SEMANAL_VISTA_MENSUAL,20
PLANIFICACION,JSS_STATUS_SEMANAL_VISTA_SEMANAL,28
PLANIFICACION,JSS_TABLA_BASE_PONDERADO_TMO,7
PLANIFICACION,JSS_TABLA_BASE_PONDERADO_TMO_MEXICO,6
PLANIFICACION,JSS_TABLA_EXPORADO_MALLA,10
PLANIFICACION,JSS_TABLA_VALIDACION_MALLAS,9
PLANIFICACION,JSS_TEMP_AGOSTO_PESO_X_INTERVALO_PLATAFORMA_SUAVIZADO,10
PLANIFICACION,JSS_TEMP_COMPLETAR_TMO_202412,10
PLANIFICACION,JSS_TEMP_CRONOGRAMA,38
PLANIFICACION,JSS_TEMP_CRONOGRAMA_2,36
PLANIFICACION,JSS_TEMP_DescargaMallas202411,8
PLANIFICACION,JSS_TEMP_MALLA_202410_V3,10
PLANIFICACION,JSS_TEMP_MALLA_202410_V3_CON_IP,10
PLANIFICACION,JSS_TEMP_factor_dia,3
PLANIFICACION,JSS_TRAFICO_PARA_APERTURA_X_INTERVALO,13
PLANIFICACION,JSS_TRAFICO_PARA_APERTURA_X_INTERVALO_MEXICO,13
PLANIFICACION,JSS_UPDATE_CURVA_NORMALIZADA,4
PLANIFICACION,KAJ_AGENTES_BLENDING,7
PLANIFICACION,KAJ_MALLAS_TDP_2025_VERSIONES,26
PLANIFICACION,LISTA_CORREOS_AUTOMATICO,2
PLANIFICACION,LogArchivosConvertidos,4
PLANIFICACION,MALLA_202510_V2_1,10
PLANIFICACION,MALLA_202510_V2_3,10
PLANIFICACION,MALLA_VALIDAR_202506,10
PLANIFICACION,MALLA_VALIDAR_202506_V2,10
PLANIFICACION,MALLA_VALIDAR_202506_V3,10
PLANIFICACION,MALLA_VALIDAR_202507_V1,10
PLANIFICACION,MALLA_VALIDAR_202507_V2,10
PLANIFICACION,MALLA_VALIDAR_202507_V3,10
PLANIFICACION,MALLA_VALIDAR_202507_V4,10
PLANIFICACION,MALLA_VALIDAR_202507_V5,10
PLANIFICACION,MALLA_VALIDAR_202507_V6,10
PLANIFICACION,MALLA_VALIDAR_202507_V8,10
PLANIFICACION,NDS_DIA_TOTAL,26
PLANIFICACION,NDS_HORA_TOTAL,27
PLANIFICACION,NO_BORRAR_AMELIA_CDRS_LV_today,73
PLANIFICACION,NO_BORRAR_AMELIA_CDRS_MI_today,73
PLANIFICACION,ProcesamientoLog,7
PLANIFICACION,RESUMEN_EXCEL_VISTA_HORA,24
PLANIFICACION,RESUMEN_INDIC_GENERALES_CCEE_INTERVALO,49
PLANIFICACION,RESUMEN_INDIC_GENERALES_VOZ_INTERVALO,37
PLANIFICACION,TEMP_VALIDAR,10
PLANIFICACION,T_CRUCE_SKILL,2
PLANIFICACION,T_CRUCE_SKILL_AGENTES,4
PLANIFICACION,T_TABLA_CORREO_CRONO_INGRESOS,13
PLANIFICACION,T_TABLA_CORREO_CRONO_INGRESOS_CAMBIO_ESTADO,10
PLANIFICACION,VALIDAR_ACUMULADO__PLATAFORMA,7
PLANIFICACION,VALIDAR_MALLA_202508_TEC,10
PLANIFICACION,VALIDAR_MALLA_202508_TEC_V1,10
PLANIFICACION,VALIDAR_PLATAFORMAS_ADHOC,10
PLANIFICACION,VALIDAR_RETEN_FIJA_MOVIL,10
PLANIFICACION,VALIDAR_RETEN_FIJA_MOVIL_V1,10
PLANIFICACION,VALIDAR_RETEN_FIJA_MOVIL_V2,10
PORTAL_WEB_V2,AMP_CONSOLIDADO_USUARIOS,8
PORTAL_WEB_V2,AMP_LOGS_MENU_KIPU_AHDOC,15
PORTAL_WEB_V2,AMP_RECLAMOS_SIN_DNI_AGENTE_REGISTRO,3
PORTAL_WEB_V2,AMP_RECLAMOS_SIN_LLAMADA_ATENDIDA,4
PORTAL_WEB_V2,AMP_SAR_SIN_DNI_AGENTE_REGISTRO,3
PORTAL_WEB_V2,AMP_SAR_SIN_LLAMADA_ATENDIDA,4
PORTAL_WEB_V2,AMP_TABLA_PARA_CLIENTES_UNICOS_DIA,7
PORTAL_WEB_V2,AMP_TABLA_PARA_CLIENTES_UNICOS_HORA,8
PORTAL_WEB_V2,AMP_TABLA_PARA_CLIENTES_UNICOS_MES,8
PORTAL_WEB_V2,AMP_TABLA_PARA_CLIENTES_UNICOS_SEMANA,8
PORTAL_WEB_V2,AMP_TC_SIN_DNI_AGENTE_REGISTRO,3
PORTAL_WEB_V2,AMP_TC_SIN_LLAMADA_ATENDIDA,4
PORTAL_WEB_V2,AMP_obejtivo_pesos_indicador_agente_CCEE,5
PORTAL_WEB_V2,AM_CALENDARIO_SEMANA,3
PORTAL_WEB_V2,AM_CCEE_BASE_GENERAL_POTENCIALES_FALTANTES,8
PORTAL_WEB_V2,AM_CONSOLIDADO_METRICAS_AGENTE_CCEE_CROSS,35
PORTAL_WEB_V2,AM_CargaCrossCEE,16
PORTAL_WEB_V2,AM_INDICADORES_CROSS_CCEE_POR_ASESOR_MENSUAL_ABORDAJE_PREVENTA,8
PORTAL_WEB_V2,AM_INDICADORES_CROSS_CCEE_POR_ASESOR_MENSUAL_ABORDAJE_PREVENTA_DIARIO,8
PORTAL_WEB_V2,AM_REPORTE_EFECTIVIDAD_Y_ABORDAJE_POR_CUARTIL_CCEE,14
PORTAL_WEB_V2,AM_REPORTE_EFECTIVIDAD_Y_ABORDAJE_POR_CUARTIL_CCEE_DIARIO,16
PORTAL_WEB_V2,AM_REPORTE_PREVENTAS_CCEE_FORMULARIO,17
PORTAL_WEB_V2,AM_temp_base_mayo_form_ccee_2905,22
PORTAL_WEB_V2,AM_temp_base_mayo_form_ccee_2905_errores,22
PORTAL_WEB_V2,ANIS_VS_RELLAMADAS,7
PORTAL_WEB_V2,ANTIGUEDAD_AGENTES,10
PORTAL_WEB_V2,AVERIAS_POR_ASESOR,32
PORTAL_WEB_V2,AVERIAS_POR_ASESOR_HISTORICO,32
PORTAL_WEB_V2,Agente_202402,3
PORTAL_WEB_V2,Agentes_ccee,26
PORTAL_WEB_V2,Am_TEMP_base_abril,26
PORTAL_WEB_V2,BASE_AJUSTE_FACTURAS_CALCULADO,189
PORTAL_WEB_V2,BASE_AMDOCS_RECLAMOS_CALCULADO,291
PORTAL_WEB_V2,BASE_AMDOCS_RECLAMOS_CALCULADO_COUNT_LIQ_AYER,8
PORTAL_WEB_V2,BASE_CMS_RECLAMOS_CALCULADO,107
PORTAL_WEB_V2,BASE_CMS_RECLAMOS_CALCULADO_2,104
PORTAL_WEB_V2,BASE_FENIX_RECLAMOS_CALCULADO,185
PORTAL_WEB_V2,BASE_FENIX_RECLAMOS_CALCULADO_COUNT_LIQ_AYER,8
PORTAL_WEB_V2,BASE_MAS_SIMPLE_RECLAMOS_CALCULADO,182
PORTAL_WEB_V2,BITACORA_ACTUALIZACIONES,7
PORTAL_WEB_V2,BITACORA_ACTUALIZACIONES_SEL,10
PORTAL_WEB_V2,BITACORA_EVENTOS,25
PORTAL_WEB_V2,BITACORA_EVENTOS_BKP_27032024,20
PORTAL_WEB_V2,BITACORA_EVENTOS_PROVEEDORES,2
PORTAL_WEB_V2,BKP_RESUMEN_INDIC_GENERALES_VOZ_DIA_2024,35
PORTAL_WEB_V2,BKP_RESUMEN_INDIC_GENERALES_VOZ_HORA_2024,36
PORTAL_WEB_V2,BKP_RESUMEN_INDIC_GENERALES_VOZ_INTERVALO_2024,37
PORTAL_WEB_V2,BKP_RESUMEN_INDIC_GENERALES_VOZ_MES_2024,36
PORTAL_WEB_V2,BKP_RESUMEN_INDIC_GENERALES_VOZ_SEMANA_2024,36
PORTAL_WEB_V2,CAPACIDAD_DE_ATENCION_HISTORICO,19
PORTAL_WEB_V2,CAPACIDAD_DE_ATENCION_ULT_ACT,19
PORTAL_WEB_V2,CARGA_FRAUDES_OBS,1
PORTAL_WEB_V2,CATALOGO_OPCIONES_EVOLUTIVO_OSIPTEL,1
PORTAL_WEB_V2,CATALOGO_REPORTE_EVOLUTIVO_OSIPTEL,2
PORTAL_WEB_V2,CATALOGO_SEGMENTOS_EVOLUTIVO_OSIPTEL,1
PORTAL_WEB_V2,CCEE_BASE_CUMPLIMIENTO_FIBRA_RESUMEN,8
PORTAL_WEB_V2,CCEE_BASE_GENERAL_AVANCE,13
PORTAL_WEB_V2,CCEE_BASE_GENERAL_AVANCE_RESUMEN,4
PORTAL_WEB_V2,CCEE_BASE_GENERAL_CUARTILES,19
PORTAL_WEB_V2,CCEE_BASE_GENERAL_NO_CROSEADORES,16
PORTAL_WEB_V2,CCEE_BASE_GENERAL_POTENCIALES,11
PORTAL_WEB_V2,CCEE_BASE_GENERAL_POTENCIALES_temp_otras_ofertas,11
PORTAL_WEB_V2,CCEE_BASE_GESTION_OPERATIVA_FIBRA_GRAF_RESUMEN,6
PORTAL_WEB_V2,CCEE_BASE_MOTIVOS_ABORDAJE_RESUMEN,13
PORTAL_WEB_V2,CCEE_BASE_MOTIVOS_ABORDAJE_RESUMEN_BACKUP,10
PORTAL_WEB_V2,CCEE_BASE_MOTIVOS_ABORDAJE_RESUMEN_COPY,8
PORTAL_WEB_V2,CCEE_BASE_PILOTO_PORTABILIDAD,5
PORTAL_WEB_V2,CCEE_BASE_PILOTO_PORTABILIDAD_BCKP_KCS,5
PORTAL_WEB_V2,CCEE_BASE_POTENCIAL_MAS_SIMPLE,5
PORTAL_WEB_V2,CCEE_BASE_RECONTACTOS_CROSS_RESUMEN,8
PORTAL_WEB_V2,CCEE_BASE_RECONTACTOS_RESUMEN,9
PORTAL_WEB_V2,CCEE_DETALLE_ERROR_DITO,4
PORTAL_WEB_V2,CONSOLIDADO_METRICAS_AGENTE_CCEE,112
PORTAL_WEB_V2,CONSOLIDADO_METRICAS_AGENTE_CCEE_DIARIO,100
PORTAL_WEB_V2,CONSOLIDADO_METRICAS_AGENTE_CCEE_MASTERS,86
PORTAL_WEB_V2,CONSOLIDADO_METRICAS_AGENTE_CCEE_NPS,86
PORTAL_WEB_V2,CONSOLIDADO_METRICAS_AGENTE_VOZ,136
PORTAL_WEB_V2,CONSOLIDADO_METRICAS_AGENTE_VOZ_DIARIO,125
PORTAL_WEB_V2,CONSOLIDADO_METRICAS_AGENTE_VOZ_PLATINUM,34
PORTAL_WEB_V2,CONSOLIDADO_METRICAS_AGENTE_VOZ_SEMANAL,126
PORTAL_WEB_V2,CONSOLIDADO_METRICAS_CALIDAD_CCEE,10
PORTAL_WEB_V2,CONSOLIDADO_METRICAS_CALIDAD_CCEE_OUT,13
PORTAL_WEB_V2,CONSOLIDADO_METRICAS_PROVEEDOR_VOZ,30
PORTAL_WEB_V2,CONSOLIDADO_METRICAS_PROVEEDOR_VOZ_GRUPO,17
PORTAL_WEB_V2,CONSOLIDADO_METRICAS_SUPERVISORES_VOZ_PLATINUM,26
PORTAL_WEB_V2,CONSOLIDADO_METRICAS_SUPERVISOR_CCEE_MASTERS,61
PORTAL_WEB_V2,CONSOLIDADO_TIPIFICACIONES_VISOR,21
PORTAL_WEB_V2,CORTE_CROSS_20221206,26
PORTAL_WEB_V2,CORTE_CROSS_20221206_atento,26
PORTAL_WEB_V2,CORTE_CROSS_20221206_gss,26
PORTAL_WEB_V2,CORTE_CROSS_20221206_gss_nov,26
PORTAL_WEB_V2,CRONOGRAMA_INGRESOS_FINAL,31
PORTAL_WEB_V2,CRONOGRAMA_INGRESOS_HISTORICO,38
PORTAL_WEB_V2,CRONOGRAMA_INGRESOS_INTEGRATEL_HISTORICO,31
PORTAL_WEB_V2,CRONOGRAMA_INGRESOS_SOCIOS_HISTORICO,31
PORTAL_WEB_V2,CRONOGRAMA_INGRESOS_ULT_ACT,38
PORTAL_WEB_V2,CRONOGRAMA_INGRESOS_ULT_ACT_AM_ERROR,38
PORTAL_WEB_V2,CRONOGRAMA_INGRESOS_X_SEMANA,14
PORTAL_WEB_V2,CROSS_CCEE_EVOLUTIVO_OFERTAS_DIARIA,7
PORTAL_WEB_V2,CROSS_CCEE_RANKING_AGENTES,13
PORTAL_WEB_V2,CR_BASE_LOG,12
PORTAL_WEB_V2,CUOTAS_DETALLE_CROSS_CALL_CENTER,41
PORTAL_WEB_V2,CUOTAS_DETALLE_CROSS_CALL_CENTER_HISTORICO,41
PORTAL_WEB_V2,CUOTA_FIBRA_CROSS,4
PORTAL_WEB_V2,Cliente_TDI_Piloto_1_Base_73k,15
PORTAL_WEB_V2,Cliente_TDI_Piloto_2_Base_46k,15
PORTAL_WEB_V2,DETALLE_ACCESADAS_TODAY,7
PORTAL_WEB_V2,DETALLE_AVERIAS_POR_AGENTE_3MESES,20
PORTAL_WEB_V2,DETALLE_CRUCE_FIBRA_LLAMADAS,8
PORTAL_WEB_V2,DETALLE_DE_USUARIOS_KIPU,13
PORTAL_WEB_V2,DETALLE_DE_USUARIOS_KIPU_BKP_120226,13
PORTAL_WEB_V2,DETALLE_ENTRANTES_CCEE,10
PORTAL_WEB_V2,DETALLE_OPCIONES_MENU_KIPU,8
PORTAL_WEB_V2,DETALLE_OPCIONES_MENU_KIPU_temp,9
PORTAL_WEB_V2,DETALLE_REITERADAS_Y_TRANSFERENCIAS,53
PORTAL_WEB_V2,DIM_USUARIOS_ESTADO,2
PORTAL_WEB_V2,DIM_USUARIOS_PERFIL,2
PORTAL_WEB_V2,DIM_USUARIOS_PROVEEDOR,2
PORTAL_WEB_V2,Data_gestion_avail_CARGA,7
PORTAL_WEB_V2,Data_gestion_avail_CARGA_2,9
PORTAL_WEB_V2,ENCUESTAS_MEDALLIA_CHECA_TU_CASO,25
PORTAL_WEB_V2,ENCUESTAS_MEDALLIA_ESPECIALIZADOS,24
PORTAL_WEB_V2,EVIDENCIA_VALIDACION_REASIGNACION,11
PORTAL_WEB_V2,EXAMEN_AGENTES_PLATINUM_VOZ,6
PORTAL_WEB_V2,FACTURACION_PARAMETROS,4
PORTAL_WEB_V2,FIBRA_VISOR,32
PORTAL_WEB_V2,FILTROS_INDICADORES_GENERALES_CCEE,5
PORTAL_WEB_V2,FILTROS_INDICADORES_GENERALES_VOZ,5
PORTAL_WEB_V2,FILTROS_INDICADORES_GENERALES_VOZ_MATRIX,5
PORTAL_WEB_V2,FILTROS_MALLAS,2
PORTAL_WEB_V2,FILTROS_PLATAFORMAS_CCEE,4
PORTAL_WEB_V2,FILTROS_PLATAFORMAS_VOZ,4
PORTAL_WEB_V2,FILTROS_PLATAFORMAS_VOZ_MATRIX,4
PORTAL_WEB_V2,FILTROS_RESUMEN_IVR_ADAPTATIVO,4
PORTAL_WEB_V2,FILTROS_TIPIFICACIONES_VISOR,4
PORTAL_WEB_V2,FILTROS_TIPIFICACIONES_VISOR_PLAT,4
PORTAL_WEB_V2,FILTRO_AUTOGESTIONES,7
PORTAL_WEB_V2,FOMULARIO_DRIVE_RECLAMOS_2DA_CALL_CENTER,36
PORTAL_WEB_V2,FORMULARIO_CROSS_CCEE_VOZ,59
PORTAL_WEB_V2,FORMULARIO_CROSS_VOZ_ADSL,24
PORTAL_WEB_V2,GENERACION_MALLAS_DISTRIBUCION_HORARIA,14
PORTAL_WEB_V2,GENERACION_MALLAS_PARTICIPACION_PROVEEDOR,11
PORTAL_WEB_V2,HISTORICO_CARGA_USUARIOS_RECLAMOS,19
PORTAL_WEB_V2,HISTORICO_ORIGEN_VENTA_CHECA_TU_CASO,23
PORTAL_WEB_V2,HISTORICO_REASIGNACION_RECLAMOS,7
PORTAL_WEB_V2,HP_DATA_RECUPERO,6
PORTAL_WEB_V2,HP_ENTRANTES_PROYECTADO,11
PORTAL_WEB_V2,INCIDENCIAS_1991,18
PORTAL_WEB_V2,INCIDENCIAS_1991_CATEGORIAS,2
PORTAL_WEB_V2,INCIDENCIAS_1991_ESTADOS,2
PORTAL_WEB_V2,INCIDENCIAS_1991_IDENTIFICADORES,3
PORTAL_WEB_V2,INCIDENCIAS_1991_SEVERIDADES,2
PORTAL_WEB_V2,IND_CALL_CENTER_RESUMEN_GRUPO_PLATAFORMA,9
PORTAL_WEB_V2,IVR,6
PORTAL_WEB_V2,JCO_MOTIVOS_CONTACTOS,13
PORTAL_WEB_V2,JG_BACKUP_20221124_CRONOGRAMA_INGRESOS_ULT_ACT_ERRORES,34
PORTAL_WEB_V2,JSS_AGRUPACION_VISTA_DIFERENCIA,7
PORTAL_WEB_V2,JSS_AGRUPACION_VISTA_DIFERENCIA_APERTURA,9
PORTAL_WEB_V2,JSS_AVERIAS_X_APERTURA,11
PORTAL_WEB_V2,JSS_BASE_APERTURA_PLATAFORMAS_HISPAM,6
PORTAL_WEB_V2,JSS_BASE_APERTURA_SOCIOS_HISPAM,7
PORTAL_WEB_V2,JSS_BASE_FACTORES_PROYECCION_HISPAM,9
PORTAL_WEB_V2,JSS_CALCULO_TMP_MALLA,11
PORTAL_WEB_V2,JSS_CATALOGO_SEMANA_FECHAS_PLANIFICACION,4
PORTAL_WEB_V2,JSS_CLIENTES_BAJO_TDI,1
PORTAL_WEB_V2,JSS_CLIENTES_BAJO_TDI_2DO_GRUPO,1
PORTAL_WEB_V2,JSS_CLIENTES_BAJO_TDI_3ER_GRUPO,15
PORTAL_WEB_V2,JSS_LOG_SP,3
PORTAL_WEB_V2,JSS_PROYECCION_CON_FACTORES,7
PORTAL_WEB_V2,JSS_PROYECCION_CON_FACTORES_APERTURA,10
PORTAL_WEB_V2,JSS_TABLA_BASE_PONDERADO_TMO,6
PORTAL_WEB_V2,JSS_TEMP_PRONOSTICO_CORTE_30D_DIFERENCIA,9
PORTAL_WEB_V2,JSS_TEMP_PRONOSTICO_CORTE_PEGADO,9
PORTAL_WEB_V2,JSS_catalogo_fechas_cronograma_planificacion,3
PORTAL_WEB_V2,KCRM_VENTAS_2DA_LINEA_CROSS_CCEE,50
PORTAL_WEB_V2,KCS_ENTRANTES_PILOTO,25
PORTAL_WEB_V2,KCS_MOT_NO_ACEPT_CROSS_CCEE,3
PORTAL_WEB_V2,LD_METRICAS_ANTIGUEDAD_AGENTES_REQ_BEATRIZ,41
PORTAL_WEB_V2,LD_METRICAS_ANTIGUEDAD_AGENTES_REQ_BEATRIZ_v2,41
PORTAL_WEB_V2,LD_RESUMEN_MOTIVOS_CAIDAS_POR_CAMPAÑAS_CROSS_CCEE,17
PORTAL_WEB_V2,LISTA_AGENTES_GENESYS_HIST,9
PORTAL_WEB_V2,LISTA_AGENTES_GENESYS_ULT_ACT,7
PORTAL_WEB_V2,LISTA_RELLAMADORES,5
PORTAL_WEB_V2,LOG_ACTIVIDAD_USUARIOS,3
PORTAL_WEB_V2,LOG_ACTUALIZACIONES_DATA,8
PORTAL_WEB_V2,LOG_CONSULTAS_MENU,5
PORTAL_WEB_V2,LOG_GENERACION_MALLAS,7
PORTAL_WEB_V2,LOG_PASS_USUARIOS,3
PORTAL_WEB_V2,LOG_REPROCESOS_KIPU,7
PORTAL_WEB_V2,MALLAS_AGENTES_HISTORICO,16
PORTAL_WEB_V2,MALLAS_AGENTES_ULT_ACT,14
PORTAL_WEB_V2,MALLAS_PARAMETROS,4
PORTAL_WEB_V2,MALLAS_PROVEEDOR_HISTORICO,9
PORTAL_WEB_V2,MALLAS_PROVEEDOR_ULT_ACT,7
PORTAL_WEB_V2,MALLAS_TDP_HISTORICO,10
PORTAL_WEB_V2,MALLAS_TDP_HISTORICO_SIM_202110,10
PORTAL_WEB_V2,MALLAS_TDP_ULT_ACT,8
PORTAL_WEB_V2,METAS_RANKING_AGENTES_CCEE_V2,5
PORTAL_WEB_V2,METRICAS_OPERATIVAS_TODAY_ACCESADAS,8
PORTAL_WEB_V2,METRICAS_OPERATIVAS_TODAY_CCEE,15
PORTAL_WEB_V2,METRICAS_OPERATIVAS_TODAY_VOZ,15
PORTAL_WEB_V2,OBJETIVOS_AGENTES_VOZ_PLATINUM,7
PORTAL_WEB_V2,OBJETIVOS_CEE_W,8
PORTAL_WEB_V2,OBJETIVOS_CEE_W_bk_am,7
PORTAL_WEB_V2,OBJETIVOS_RANKING_PROV,9
PORTAL_WEB_V2,OBJETIVOS_RANKING_VOZ,11
PORTAL_WEB_V2,ORIGEN_VENTA_CHECA_TU_CASO_ULT_ACT,21
PORTAL_WEB_V2,OSIPTEL_EVOLUTIVO_INFORME_REGULADOS,22
PORTAL_WEB_V2,OSIPTEL_EVOLUTIVO_INFORME_REGULADOS_old,22
PORTAL_WEB_V2,PARAMETROS,4
PORTAL_WEB_V2,PBI_PERIODOS_DESCARGAS,2
PORTAL_WEB_V2,PECUF_PECNEG_HISTORICO,38
PORTAL_WEB_V2,PECUF_PECNEG_ULT_ACT,36
PORTAL_WEB_V2,PERFILES_MENU,3
PORTAL_WEB_V2,PLANILLAS_PPP_DIAS_HISTORICO,13
PORTAL_WEB_V2,PLANILLAS_PPP_DIAS_ULT_ACT,11
PORTAL_WEB_V2,PLANILLAS_PPP_MESES_HISTORICO,20
PORTAL_WEB_V2,PLANILLAS_PPP_MESES_ULT_ACT,20
PORTAL_WEB_V2,PLANILLAS_PPP_REDUCTORES_HISTORICO,19
PORTAL_WEB_V2,PLANILLAS_PPP_REDUCTORES_ULT_ACT,17
PORTAL_WEB_V2,PLANILLAS_PPP_SEMANAS_HISTORICO,30
PORTAL_WEB_V2,PLANILLAS_PPP_SEMANAS_ULT_ACT,29
PORTAL_WEB_V2,PLANILLAS_PPP_SEMANAS_ULT_ACT_BACKUP,29
PORTAL_WEB_V2,PLATAFORMAS_PAISES,6
PORTAL_WEB_V2,PLATAFORMAS_PAISES_bk,6
PORTAL_WEB_V2,PLATAFORMAS_X_VALOR,5
PORTAL_WEB_V2,POTENCIALES_FIBRA_202208,6
PORTAL_WEB_V2,PREVENTAS_CAPL_VISOR,33
PORTAL_WEB_V2,PREVENTAS_CROSS_TODAS_CAMP_DIARIO,31
PORTAL_WEB_V2,PREVENTAS_CROSS_TODAS_CAMP_DIARIO_bk_0612,29
PORTAL_WEB_V2,PREVENTAS_FEEDBACK,41
PORTAL_WEB_V2,PREVENTAS_FEEDBACK_KONECTA_KIPU,46
PORTAL_WEB_V2,PREVENTAS_POR_ASESOR,17
PORTAL_WEB_V2,PREVENTAS_RECEPTIVOS_CCEE,119
PORTAL_WEB_V2,PREVENTAS_VOZ_FEEDBACK,43
PORTAL_WEB_V2,PREVISION_CALIDAD_PROGRAMACION,14
PORTAL_WEB_V2,PROCESOS_NO_RESOLUTIVOS_TEMATICO_TIPIFICACIONES_CCEE,3
PORTAL_WEB_V2,PROCESOS_NO_RESOLUTIVOS_VISTA_CALIDAD_PROCESOS,14
PORTAL_WEB_V2,PROCESOS_NO_RESOLUTIVOS_VISTA_PROCEDIMIENTOS_QUEBRADOS,12
PORTAL_WEB_V2,PROCESOS_NO_RESOLUTIVOS_VISTA_TRAFICO_CCEE,5
PORTAL_WEB_V2,PRONOSTICO_INTERNO_CCEE,8
PORTAL_WEB_V2,PR_Control_Q_AMDOCS,9
PORTAL_WEB_V2,PR_Control_Q_CMS,8
PORTAL_WEB_V2,PR_Control_Q_FENIX,9
PORTAL_WEB_V2,PR_INCIDENCIAS_Carga_usuarios_reclamos,11
PORTAL_WEB_V2,RECLAMOS_POR_ASESOR,14
PORTAL_WEB_V2,RECONTACTO_CROSS_CCEE_2022_DIC,18
PORTAL_WEB_V2,RECONTACTO_CROSS_CCEE_2022_NOV,18
PORTAL_WEB_V2,RECONTACTO_CROSS_CCEE_2023_ENE,18
PORTAL_WEB_V2,RECONTACTO_CROSS_CCEE_2023_ENE_31,38
PORTAL_WEB_V2,RECONTACTO_CROSS_CCEE_ALL_NUEVO,33
PORTAL_WEB_V2,RECONTACTO_CROSS_CCEE_BKP_202207_202210,17
PORTAL_WEB_V2,RECONTACTO_CROSS_CCEE_COPY,17
PORTAL_WEB_V2,RECONTACTO_CROSS_CCEE_TEMP_202210,17
PORTAL_WEB_V2,RECONTACTO_CROSS_CCEE_all_bk_1707,29
PORTAL_WEB_V2,RECONTACTO_CROSS_CCEE_bk_1707,29
PORTAL_WEB_V2,RECONTACTO_CROSS_VOZ,30
PORTAL_WEB_V2,REGISTROS_RFX,12
PORTAL_WEB_V2,REGISTROS_RFX_PROVEEOR,2
PORTAL_WEB_V2,REGISTROS_RFX_REQUERIMIENTO,2
PORTAL_WEB_V2,REGISTROS_RFX_TIPO_SOLICITANTE,2
PORTAL_WEB_V2,REPORTE_EVOLUTIVO_FIBRA,12
PORTAL_WEB_V2,REPORTE_EVOLUTIVO_FIBRA_PREVENTA,3
PORTAL_WEB_V2,REPORTE_FIBRA_CROSS_GLOBAL,4
PORTAL_WEB_V2,REPORTE_FIBRA_CROSS_MOTIVOS_NO_ACEPTA,37
PORTAL_WEB_V2,REPORTE_FIBRA_CROSS_SEMANAL_GLOBAL,4
PORTAL_WEB_V2,REPORTE_FORMACION_CORRELATIVO_CANALES,4
PORTAL_WEB_V2,REPORTE_FORMACION_HISTORICO,21
PORTAL_WEB_V2,REPORTE_FORMACION_OJT_CCEE,24
PORTAL_WEB_V2,REPORTE_FORMACION_OJT_CCEE_HISTORICO,10
PORTAL_WEB_V2,REPOSITORIO_INCIDENCIAS_B2C,10
PORTAL_WEB_V2,REPO_INTELIGENCIA_PLATAFORMA,9
PORTAL_WEB_V2,REQUERIMIENTOS_DIM_ESTADOS,3
PORTAL_WEB_V2,REQUERIMIENTOS_DIM_TRABAJADORES,4
PORTAL_WEB_V2,REQUERIMIENTOS_DIM_TRABAJADORES_bkp,3
PORTAL_WEB_V2,REQUERIMIENTOS_KIPU,19
PORTAL_WEB_V2,REQUERIMIENTOS_KIPU_BKP,16
PORTAL_WEB_V2,REQUERIMIENTOS_KIPU_ULTIMA_ACT,19
PORTAL_WEB_V2,RESUMEN_ACCESADAS_VOZ_HORA,4
PORTAL_WEB_V2,RESUMEN_ANALISIS_DEMANDA,8
PORTAL_WEB_V2,RESUMEN_ANALISIS_DEMANDA_CLI_UNICOS,6
PORTAL_WEB_V2,RESUMEN_ANALISIS_DEMANDA_DISTRIBUCION,7
PORTAL_WEB_V2,RESUMEN_ANIS_VS_RELLAMADAS,9
PORTAL_WEB_V2,RESUMEN_ANIS_VS_RELLAMADAS_MOTIVOS,14
PORTAL_WEB_V2,RESUMEN_CARATULA_CCEE,26
PORTAL_WEB_V2,RESUMEN_CARATULA_VOZ,27
PORTAL_WEB_V2,RESUMEN_CATEGORIAS_CCEE,17
PORTAL_WEB_V2,RESUMEN_CUBO_METRICAS_CCEE_DIA,10
PORTAL_WEB_V2,RESUMEN_CUBO_METRICAS_CCEE_MES,11
PORTAL_WEB_V2,RESUMEN_EVOLUTIVO_METRICAS_AGENTES_NUEVOS,26
PORTAL_WEB_V2,RESUMEN_FIBRA,18
PORTAL_WEB_V2,RESUMEN_FIBRA_POTENCIALES,15
PORTAL_WEB_V2,RESUMEN_FIBRA_VISOR,35
PORTAL_WEB_V2,RESUMEN_INCREMENTO_PRECIO,7
PORTAL_WEB_V2,RESUMEN_INDIC_GENERALES_CCEE_DIA,49
PORTAL_WEB_V2,RESUMEN_INDIC_GENERALES_CCEE_HORA,50
PORTAL_WEB_V2,RESUMEN_INDIC_GENERALES_CCEE_INTERVALO,51
PORTAL_WEB_V2,RESUMEN_INDIC_GENERALES_CCEE_INTERVALO_BACKUP,49
PORTAL_WEB_V2,RESUMEN_INDIC_GENERALES_CCEE_INTERVALO_BK_AM,49
PORTAL_WEB_V2,RESUMEN_INDIC_GENERALES_CCEE_INTERVALO_bk_28_08,49
PORTAL_WEB_V2,RESUMEN_INDIC_GENERALES_CCEE_MES,47
PORTAL_WEB_V2,RESUMEN_INDIC_GENERALES_CCEE_SEMANAS,48
PORTAL_WEB_V2,RESUMEN_INDIC_GENERALES_VOZ_DIA,35
PORTAL_WEB_V2,RESUMEN_INDIC_GENERALES_VOZ_DIA_MATRIX,16
PORTAL_WEB_V2,RESUMEN_INDIC_GENERALES_VOZ_HORA,36
PORTAL_WEB_V2,RESUMEN_INDIC_GENERALES_VOZ_HORA_MATRIX,17
PORTAL_WEB_V2,RESUMEN_INDIC_GENERALES_VOZ_INTERVALO,37
PORTAL_WEB_V2,RESUMEN_INDIC_GENERALES_VOZ_INTERVALO_MATRIX,18
PORTAL_WEB_V2,RESUMEN_INDIC_GENERALES_VOZ_MES,36
PORTAL_WEB_V2,RESUMEN_INDIC_GENERALES_VOZ_MES_MATRIX,17
PORTAL_WEB_V2,RESUMEN_INDIC_GENERALES_VOZ_SEMANA,36
PORTAL_WEB_V2,RESUMEN_INDIC_GENERALES_VOZ_SEMANA_MATRIX,17
PORTAL_WEB_V2,RESUMEN_INTERVALOS_CALL,1
PORTAL_WEB_V2,RESUMEN_IVR_ADAPTATIVO,6
PORTAL_WEB_V2,RESUMEN_METRICAS_WFM,13
PORTAL_WEB_V2,RESUMEN_METRICAS_WFM_DIARIO,18
PORTAL_WEB_V2,RESUMEN_METRICAS_WFM_HORA,19
PORTAL_WEB_V2,RESUMEN_METRICAS_WFM_INTERVALO,20
PORTAL_WEB_V2,RESUMEN_METRICAS_WFM_MENSUAL,18
PORTAL_WEB_V2,RESUMEN_METRICAS_WFM_SEMANAL,19
PORTAL_WEB_V2,RESUMEN_PRODUCTIVIDAD_PROVEEDOR_CCEE,14
PORTAL_WEB_V2,RESUMEN_REIETRADAS_VOZ,11
PORTAL_WEB_V2,RESUMEN_REITERADAS_CCEE,9
PORTAL_WEB_V2,RESUMEN_REITERADORES_CRONICOS,11
PORTAL_WEB_V2,RESUMEN_REIT_TRANS_VOZ_FILTROS,1
PORTAL_WEB_V2,RESUMEN_RETORNOS_CCEE,10
PORTAL_WEB_V2,RESUMEN_SALIENTES,12
PORTAL_WEB_V2,RESUMEN_TECNOLOGIA_AGENTES,28
PORTAL_WEB_V2,RESUMEN_TECNOLOGIA_ASESORES,40
PORTAL_WEB_V2,RESUMEN_TECNOLOGIA_TIPIFIACIONES_VS_CALIDAD,15
PORTAL_WEB_V2,RESUMEN_TECNOLOGIA_TIPIFICACIONES,11
PORTAL_WEB_V2,RESUMEN_TECNOLOGIA_TRAFICO,25
PORTAL_WEB_V2,RESUMEN_TIPIFICACIONES_BASE_ENTRANTES,11
PORTAL_WEB_V2,RESUMEN_TIPIFICACIONES_CCEE,6
PORTAL_WEB_V2,RESUMEN_TRANSFERENCIAS_VOZ,20
PORTAL_WEB_V2,RESUMEN_TRANSFERENICAS_CCEE,11
PORTAL_WEB_V2,RETENCIONES_CAMPANIAS_OUT,24
PORTAL_WEB_V2,RETENCIONES_CAMPANIAS_OUT_ULT_ACT,22
PORTAL_WEB_V2,RETENCIONES_CUARTILES_AGENTES,8
PORTAL_WEB_V2,RETENCIONES_FEEDBACK,29
PORTAL_WEB_V2,SEGURIDAD_PARAMETROS,4
PORTAL_WEB_V2,TABLERO_IMPRODUCTIVAS_CASOS_CERRADOS_CCEE,6
PORTAL_WEB_V2,TABLERO_IMPRODUCTIVAS_CCEE,22
PORTAL_WEB_V2,TIPIFICACIONES_VISOR,16
PORTAL_WEB_V2,TMP_ABORDAJE_VOZ,21
PORTAL_WEB_V2,TMP_AGENTES_PILOTO_CROSS_SELL,6
PORTAL_WEB_V2,TMP_ANTIGUEDAD_AGENTES,57
PORTAL_WEB_V2,TMP_ANTIGUEDAD_AGENTES_CCEE,39
PORTAL_WEB_V2,TMP_ANTIGUEDAD_VOZ_DIAS,23
PORTAL_WEB_V2,TMP_AVERIAS_CON_METRICAS,18
PORTAL_WEB_V2,TMP_BASE_JAVIER,20
PORTAL_WEB_V2,TMP_BORRAR_CCEE,16
PORTAL_WEB_V2,TMP_CAPACIDAD_DE_ATENCION,17
PORTAL_WEB_V2,TMP_CARGA_AGENTES_VENTAS_CROSS_RECEPTIVOS,10
PORTAL_WEB_V2,TMP_CARGA_FRAUDE_CERTIFICADO_FIJA,4
PORTAL_WEB_V2,TMP_CARGA_FRAUDE_CERTIFICADO_FIJA_RECLAMOS,4
PORTAL_WEB_V2,TMP_CARGA_FRAUDE_CERTIFICADO_MOVIL,5
PORTAL_WEB_V2,TMP_CARGA_FRAUDE_POSIBLE_FRAUDE,6
PORTAL_WEB_V2,TMP_CARGA_FRAUDE_REVERTIDO_FIJA,6
PORTAL_WEB_V2,TMP_CARGA_FRAUDE_REVERTIDO_FIJA_RECLAMOS,6
PORTAL_WEB_V2,TMP_CARGA_FRAUDE_REVERTIDO_MOVIL,6
PORTAL_WEB_V2,TMP_CCEE_CULPABLES_REITERACIONES,7
PORTAL_WEB_V2,TMP_CCEE_CULPABLES_REITERACIONES_DIARIO,7
PORTAL_WEB_V2,TMP_CONTACT_RATE,7
PORTAL_WEB_V2,TMP_CRONOGRAMA_INGRESOS,36
PORTAL_WEB_V2,TMP_CRONOGRAMA_INGRESOS_INTEGRATEL,8
PORTAL_WEB_V2,TMP_CRONOGRAMA_INGRESOS_SOCIOS,29
PORTAL_WEB_V2,TMP_CROSS_CCEE,28
PORTAL_WEB_V2,TMP_CROSS_CCEE2,32
PORTAL_WEB_V2,TMP_CROSS_CCEE3,58
PORTAL_WEB_V2,TMP_CROSS_TODAS_CAMP,42
PORTAL_WEB_V2,TMP_CROSS_VOZ,26
PORTAL_WEB_V2,TMP_CROSS_VOZ_0,38
PORTAL_WEB_V2,TMP_CROSS_VOZ_ADSL,22
PORTAL_WEB_V2,TMP_CROSS_VOZ_nuevo,40
PORTAL_WEB_V2,TMP_CRUCE_POTENCIALES_CCEE,7
PORTAL_WEB_V2,TMP_CRUCE_POTENCIALES_LLAMADAS,7
PORTAL_WEB_V2,TMP_CUOTAS_DETALLE_CROSS_CALL_CENTER,39
PORTAL_WEB_V2,TMP_ENCUESTAS_MEDALLIA_CHECA_TU_CASO,23
PORTAL_WEB_V2,TMP_ENCUESTAS_MEDALLIA_ESPECIALIZADOS,22
PORTAL_WEB_V2,TMP_EVOLUTIVO_MOTIVOS_PT,12
PORTAL_WEB_V2,TMP_FACTURACION_CONTINGENCIA_BO_OTROS,10
PORTAL_WEB_V2,TMP_FACTURACION_CONTINGENCIA_CCEE,55
PORTAL_WEB_V2,TMP_FACTURACION_CONTINGENCIA_VOZ,92
PORTAL_WEB_V2,TMP_FACTURACION_COR,8
PORTAL_WEB_V2,TMP_FACTURACION_FACTOR_DESEMPENIO,4
PORTAL_WEB_V2,TMP_FACTURACION_PECUF_PECNEG,6
PORTAL_WEB_V2,TMP_FACTURACION_SATISFACCION,7
PORTAL_WEB_V2,TMP_FACTURACION_TOPE_NPS_1_2,4
PORTAL_WEB_V2,TMP_FACTURACION_USO_GENIO,4
PORTAL_WEB_V2,TMP_FIBRA_CROSS_CALL,27
PORTAL_WEB_V2,TMP_FORMULARIO_RECLAMOS,41
PORTAL_WEB_V2,TMP_GENERACION_MALLAS_DH,12
PORTAL_WEB_V2,TMP_GENERACION_MALLAS_PP,9
PORTAL_WEB_V2,TMP_HP_DESPLIEGUE,2
PORTAL_WEB_V2,TMP_HP_DETALLE_INTERACCIONES_EXPORTADO,99
PORTAL_WEB_V2,TMP_ID_OPERADORES_RRSS,4
PORTAL_WEB_V2,TMP_INTERACCIONES_POTENCIALES_TODAS_LAS_CAMPANIAS,21
PORTAL_WEB_V2,TMP_LISTA_AGENTES_GENESYS,7
PORTAL_WEB_V2,TMP_LISTA_RELLAMADORES,3
PORTAL_WEB_V2,TMP_LLAMADAS_POTENCIALES_TODAS_LAS_CAMPANIAS,48
PORTAL_WEB_V2,TMP_MALLAS_AGENTES,13
PORTAL_WEB_V2,TMP_MALLAS_PROVEEDOR,7
PORTAL_WEB_V2,TMP_MALLLAS_TDP,8
PORTAL_WEB_V2,TMP_OBSERVACIONES_CARGAS,2
PORTAL_WEB_V2,TMP_OBSERVACIONES_CARGAS_CRONOGRAMA,2
PORTAL_WEB_V2,TMP_OBSERVACIONES_REPROCESO_KIPU,2
PORTAL_WEB_V2,TMP_ORIGEN_VENTA_CHECA_TU_CASO,21
PORTAL_WEB_V2,TMP_PECUF_PECNEG,36
PORTAL_WEB_V2,TMP_PLANILLAS_PPP_DIAS,11
PORTAL_WEB_V2,TMP_PLANILLAS_PPP_MESES,18
PORTAL_WEB_V2,TMP_PLANILLAS_PPP_SEMANAS,28
PORTAL_WEB_V2,TMP_POTENCIALES_FIBRA_BEA,6
PORTAL_WEB_V2,TMP_PREVENTAS_CAPL,31
PORTAL_WEB_V2,TMP_PREVENTAS_RECEPTIVOS_CCEE,117
PORTAL_WEB_V2,TMP_PREVENTAS_VOZ,41
PORTAL_WEB_V2,TMP_PROCESOS_NO_RESOLUTIVOS_VISTA_PROCEDIMIENTOS_QUEBRADOS,9
PORTAL_WEB_V2,TMP_RANKING_MASTER,74
PORTAL_WEB_V2,TMP_RANKING_PROVEDORES,8
PORTAL_WEB_V2,TMP_RC_CROSS_POTENCIAL_FIBRA_RES,7
PORTAL_WEB_V2,TMP_REASIGNACION_RECLAMOS,5
PORTAL_WEB_V2,TMP_REDUCTORES,17
PORTAL_WEB_V2,TMP_RELLAMADORES_SEMANAL_PT,16
PORTAL_WEB_V2,TMP_REPORTE_FIBRA_CROSS_GLOBAL,4
PORTAL_WEB_V2,TMP_REPORTE_FIBRA_CROSS_SEMANAL_GLOBAL,5
PORTAL_WEB_V2,TMP_REPORTE_FORMACION,17
PORTAL_WEB_V2,TMP_REPORTE_FORMACION_LIDER,19
PORTAL_WEB_V2,TMP_REPORTE_FORMACION_OJT_CCEE,8
PORTAL_WEB_V2,TMP_RESUMEN_INDIC_GENERALES_CCEE_TODAY,144
PORTAL_WEB_V2,TMP_RESUMEN_INDIC_GENERALES_VOZ_TODAY,164
PORTAL_WEB_V2,TMP_RETENCIONES_CAMPANIAS_OUT,22
PORTAL_WEB_V2,TMP_RETENCIONES_CUARTIL_AGENTES,6
PORTAL_WEB_V2,TMP_RETENCIONES_FEEDBACK,27
PORTAL_WEB_V2,TMP_SEMANAL_VISTA_MOTIVO_2,53
PORTAL_WEB_V2,TMP_TMO_PAGO,5
PORTAL_WEB_V2,TMP_USUARIOS_CAPL,7
PORTAL_WEB_V2,TMP_USUARIOS_GENIO,13
PORTAL_WEB_V2,TMP_USUARIOS_RECLAMOS,34
PORTAL_WEB_V2,TMP_USUARIO_JOHANA,9
PORTAL_WEB_V2,TMP_VENTAS_2DA_LINEA_CROSS_CCEE,48
PORTAL_WEB_V2,TMP_V_CCEE_CULPABLES_REITERACIONES,9
PORTAL_WEB_V2,T_DIM_PLATAFORMA_CANAL_OUT,6
PORTAL_WEB_V2,T_EXAMEN_RANKING_AGENTES_CCEE,14
PORTAL_WEB_V2,T_METAS_RANKING_AGENTES_CCEE,4
PORTAL_WEB_V2,T_MTA_RANKING_AGENTES_CCEE,3
PORTAL_WEB_V2,Temp_jss_AVERIAS_POR_ASESOR_backup,24
PORTAL_WEB_V2,USUARIOS_CAPL_VISOR,9
PORTAL_WEB_V2,USUARIOS_RECLAMOS_AREAS,5
PORTAL_WEB_V2,USUARIOS_RECLAMOS_HISTORICO,36
PORTAL_WEB_V2,USUARIOS_RECLAMOS_LISTA_INVALIDOS,1
PORTAL_WEB_V2,USUARIOS_RECLAMOS_ULT_ACT,36
PORTAL_WEB_V2,aa_MallasProveedor,7
PORTAL_WEB_V2,aa_MallasTDP,8
PORTAL_WEB_V2,agentes,12
PORTAL_WEB_V2,agentes_capacitados_blending,5
PORTAL_WEB_V2,am_temp_fibra_voz,26
PORTAL_WEB_V2,ccee_cross,12
PORTAL_WEB_V2,niveles,26
PORTAL_WEB_V2,nueva_tmp,26
PORTAL_WEB_V2,plataforma_felipe,6
PORTAL_WEB_V2,plataformas_cro,6
PORTAL_WEB_V2,prevision,17
PORTAL_WEB_V2,sysdiagrams,5
PORTAL_WEB_V2,tbilllog_idicadores,75
PORTAL_WEB_V2,temp,4
PORTAL_WEB_V2,temp_incidencias_corregidas,18
PORTAL_WEB_V2,temporal_cross,19
PORTAL_WEB_V2,tmo,15
PORTAL_WEB_V2,tmp_carga_fibra,22
PORTAL_WEB_V2,ventas_fibra_cross_octubre,27
PROCESOS_CRUCES_V2,Averias_Pendientes_Registradas,246
PROCESOS_CRUCES_V2,DRH_REGISTRADAS_2023,263
PROCESOS_CRUCES_V2,DRH_REGISTRADAS_2024,376
PROCESOS_CRUCES_V2,DRH_amdocs_crm,69
PROCESOS_CRUCES_V2,DRH_area_crm_grp,2
PROCESOS_CRUCES_V2,DRH_codigos_liquidacion,5
PROCESOS_CRUCES_V2,DRH_rpa,60
PROCESOS_CRUCES_V2,DRH_troubleticket_nw_,214
PROCESOS_CRUCES_V2,JSS_ENTRANTES_PLATAFORMA_RECLAMOS,35
PROCESOS_CRUCES_V2,JSS_ENTRANTES_X_GRUPO_PLATAFORMA,9
PROCESOS_CRUCES_V2,LD_TEMP_DNIS_LOGUEADOS,6
PROCESOS_CRUCES_V2,TEMPORAL_DRH_REGISTRADAS,268
PROCESOS_CRUCES_V2,TEMPORAL_DRH_REGISTRADAS_2024,268
PROCESOS_CRUCES_V2,TEMPORAL_DRH_REGISTRADAS_VALIDA,268
PROCESOS_CRUCES_V2,TEMPORAL_FCR,16
REPORTES_NATIVOS_INFOMART,T_LISTADO_DNIS_GENESYS,5
REPORTES_NATIVOS_INFOMART,T_LISTA_DNI_CORRECCION_TEMPORAL,2
REPORTES_NATIVOS_INFOMART,T_NATIVO_ABANDON_DELAY,35
REPORTES_NATIVOS_INFOMART,T_NATIVO_ABANDON_DELAY_30MIN,38
REPORTES_NATIVOS_INFOMART,T_NATIVO_QUEUE_OUTLINE,47
REPORTES_NATIVOS_INFOMART,T_NATIVO_QUEUE_OUTLINE_30MIN,47
REPORTES_NATIVOS_INFOMART,T_NATIVO_QUEUE_SUMMARY,24
REPORTES_NATIVOS_INFOMART,T_NATIVO_QUEUE_SUMMARY_30MIN,24
REPORTES_NATIVOS_INFOMART,T_NATIVO_SPEED_OF_ACCEPT,35
REPORTES_NATIVOS_INFOMART,T_NATIVO_SPEED_OF_ACCEPT_30MIN,37
REPORTES_NATIVOS_INFOMART,T_STAGE_TRAFICO_DATOS,48
REPORTES_NATIVOS_INFOMART,T_STAGE_TRAFICO_DATOS_30MIN,66
REPORTES_NATIVOS_INFOMART,T_TEMPORAL_ABANDON_DELAY_30MIN,38
REPORTES_NATIVOS_INFOMART,T_TEMPORAL_DNIS_GENESYS,4
REPORTES_NATIVOS_INFOMART,T_TEMPORAL_NATIVO_ABANDON_DELAY,35
REPORTES_NATIVOS_INFOMART,T_TEMPORAL_NATIVO_DETALLE_LLAMADAS_V7,33
REPORTES_NATIVOS_INFOMART,T_TEMPORAL_NATIVO_QUEUE_OUTLINE,47
REPORTES_NATIVOS_INFOMART,T_TEMPORAL_NATIVO_QUEUE_SUMMARY,24
REPORTES_NATIVOS_INFOMART,T_TEMPORAL_NATIVO_SPEED_OF_ACCEPT,35
REPORTES_NATIVOS_INFOMART,T_TEMPORAL_QUEUE_OUTLINE_30MIN,47
REPORTES_NATIVOS_INFOMART,T_TEMPORAL_QUEUE_SUMMARY_30MIN,24
REPORTES_NATIVOS_INFOMART,T_TEMPORAL_SPEED_OF_ACCEPT_30MIN,37
REPORTES_TABLAS,JG_DITO,2
REPORTES_TABLAS,LD_VISTA_RESUMEN_INPUT_PARA_COMITE_FUNCIONAMIENTO_TEC,5
REPORTES_TABLAS,TEMP_REPORTE_SOLUCION,5
REPORTES_TABLAS,TTR_AGENTES_OD,7
REPORTES_TABLAS,TTR_AGENTES_ORI_DEST_VF,11
REPORTES_TABLAS,TTR_ATENDIDAS_RESUMEN,4
REPORTES_TABLAS,TTR_GRUPO_REITERACION,6
REPORTES_TABLAS,TTR_INDICADOR_REITERADAS_RESUMEN,5
REPORTES_TABLAS,TTR_INDICADOR_TRANSFERENCIA_RESUMEN,5
REPORTES_TABLAS,TTR_TRANSFERENCIAS_RESUMEN,9
REPORTES_TABLAS,T_AGEN_ORI_DEST_MISMO_RP,13
REPORTES_TABLAS,T_BASE_LLAM_IMPACTO_IVR,5
REPORTES_TABLAS,T_BASE_LLAM_IMPACTO_IVR_V2,5
REPORTES_TABLAS,T_CATALOGO_DET_EXPERIENCIA_RADAR,6
REPORTES_TABLAS,T_CLIENTES_NOTA_15DIAS,2
REPORTES_TABLAS,T_DETALLE_AGENT_SUMMARY,9
REPORTES_TABLAS,T_DETALLE_INFOMART_ULT7DIAS,7
REPORTES_TABLAS,T_DETALLE_ONEMARKETER,20
REPORTES_TABLAS,T_INDICADORES_REGULADOS,11
REPORTES_TABLAS,T_LD_EVOLUTIVO_TRAFICO_POR_SERVICE_SUBTYPE,5
REPORTES_TABLAS,T_LD_FLUJO_CLIENTES_DEGRADADOS,3
REPORTES_TABLAS,T_LD_FLUJO_CLIENTES_DEGRADADOS_ATENDIDAS,4
REPORTES_TABLAS,T_LD_FLUJO_CLIENTES_DEGRADADOS_ENTRANTES,4
REPORTES_TABLAS,T_LD_FLUJO_CLIENTES_DEGRADADOS_ENTRANTES_ATENDIDAS,5
REPORTES_TABLAS,T_LD_FLUJO_CLIENTES_DEGRADADOS_TOTAL,6
REPORTES_TABLAS,T_LD_REPORTE_METRICAS_RECURRENTES_TEC_FIJO,5
REPORTES_TABLAS,T_LD_RESUMEN_ENTR_Y_CLI_UNICOS_X_PLATAFORMA,7
REPORTES_TABLAS,T_LD_RESUMEN_VISTA_POR_CASOS_DE_USO_AURA,7
REPORTES_TABLAS,T_LISTA_CTI_COPC_V1,12
REPORTES_TABLAS,T_LISTA_CTI_COPC_V1_72HR,27
REPORTES_TABLAS,T_LISTA_CTI_COPC_V1_72HR_DIARIO,17
REPORTES_TABLAS,T_LISTA_TELEFONOS_UNICOS_COPC_V1,5
REPORTES_TABLAS,T_METRICAS_RECURRENTES_FUNCIONAMIENTO_CALL_CENTER,17
REPORTES_TABLAS,T_REITERADORES_CRONICOS,5
REPORTES_TABLAS,T_REPORTE_SEMANAS,3
REPORTES_TABLAS,T_REPORTE_SOLUCION,5
REPORTES_TABLAS,T_RESUMEN_ABANDONO_REAL,13
REPORTES_TABLAS,T_RESUMEN_CLIENTES_SUSPENDIDOS_MOVIL,10
REPORTES_TABLAS,T_RESUMEN_CLIENTES_SUSPENDIDOS_MOVIL_2,8
REPORTES_TABLAS,T_RESUMEN_CLIENTES_SUSPENDIDOS_MOVIL_ACCESOS,10
REPORTES_TABLAS,T_RESUMEN_COPC_FILTROS_v4,5
REPORTES_TABLAS,T_RESUMEN_COPC_FILTROS_v4_72HR,5
REPORTES_TABLAS,T_RESUMEN_COPC_ORIGEN_DESTINO_V1,12
REPORTES_TABLAS,T_RESUMEN_COPC_ORIGEN_DESTINO_V1_72HR,14
REPORTES_TABLAS,T_RESUMEN_COPC_V1,12
REPORTES_TABLAS,T_RESUMEN_COPC_V1_72HR,13
REPORTES_TABLAS,T_RESUMEN_KPIS_GERENCIALES,7
REPORTES_TABLAS,T_RESUMEN_KPIS_PET,7
REPORTES_TABLAS,T_RESUMEN_KPIS_PET_SEMANALES,8
REPORTES_TABLAS,T_RESUMEN_KPIS_PET_SITE,8
REPORTES_TABLAS,T_RESUMEN_PLAN_DE_FUNCIONAMIENTO_CC_BLACK,7
REPORTES_TABLAS,T_RESUMEN_PLAN_DE_FUNCIONAMIENTO_CC_Y_CCEE,7
REPORTES_TABLAS,T_RESUMEN_PLAN_DE_FUNCIONAMIENTO_CC_Y_CCEE_CLIENTES_UNICOS,6
REPORTES_TABLAS,T_RESUMEN_SEGMENTACION_IVR_V2,6
REPORTES_TABLAS,T_RESUMEN_TRAFICO_VENTAS_IN_MOVIL_FIJA,14
REPORTES_TABLAS,T_RESUMEN_TRAFICO_VENTAS_IN_MOVIL_FIJA_BACKUP_NOBORRAR,13
REPORTES_TABLAS,T_RES_CLI_UNICOS_VOZ_Y_CCEE,7
REPORTES_TABLAS,T_RPT_SOL_LLAMADA,18
REPORTES_TABLAS,T_RPT_SOL_LLAMADA_RES,7
REPORTES_TABLAS,T_TABLA_ABANDONOS_CALL_CENTER,5
REPORTES_TABLAS,T_TABLA_PETS_ABANDONADAS,6
REPORTES_TABLAS,T_TABLA_PETS_ENTRANTES,5
REPORTES_TABLAS,T_TEMPORAL_DETALLE_AGENT_SUMMARY,13
REPORTES_TABLAS,T_TEMPORAL_DETALLE_AGENT_SUMMARY_v2,10
REPORTES_TABLAS,T_TMP_DETALLE_INDIDENCIAS,5
REPORTES_TABLAS,T_TMP_DETALLE_INDIDENCIAS_V2,5
REPORTES_TABLAS,T_TMP_INCIDENCIAS,7
REPORTES_TABLAS,T_TMP_INCIDENCIAS_V2,7
REPORTES_TABLAS,T_TMP_KPIS_GERENCIALES,8
REPORTES_TABLAS,T_TMP_REPORTE_SOLUCION,5
REPORTES_TABLAS,T_TMP_RPT_SOL_LLAMADA,13
REPORTES_TABLAS,T_TMP_SUBMOTIVOS_INCIDENCIAS,6
REPORTES_TABLAS,T_TMP_SUBMOTIVOS_INCIDENCIAS_PREV,6
REPORTES_TABLAS,T_TMP_SUBMOTIVOS_INCIDENCIAS_PREV_V2,6
REPORTES_TABLAS,T_VISTA_RESUMEN_TRAFICO_ROAMING,4
REPORTE_AGENTES,Agent_Summary_Activity_Report_30min_20251018,12
REPORTE_AGENTES,BASE_AGENTE,2
REPORTE_AGENTES,GPR_Agent_Summary_Activity_Report_30min_20251018,12
REPORTE_AGENTES,GPR_Agent_Summary_Activity_Report_30min_20251019,12
REPORTE_AGENTES,GPR_Agent_Summary_Activity_Report_30min_20260102,12
REPORTE_AGENTES,GPR_reporte_agentes_20250823,12
REPORTE_AGENTES,JG_KONECTA_202509,5
REPORTE_AGENTES,JG_KONECTA_202510,5
REPORTE_AGENTES,JG_KONECTA_202512,5
REPORTE_AGENTES,JG_KONECTA_202601,5
REPORTE_AGENTES,JG_KONECTA_202602,5
REPORTE_AGENTES,LD_DETALLE_AGENTES_PRIMERA_CONEXION,3
REPORTE_AGENTES,T1,2
REPORTE_AGENTES,T2,2
REPORTE_AGENTES,TEMP_RESUMEN_AGENTES_30_MIN,13
REPORTE_AGENTES,T_AGENT_SUMMARY_30MIN_202401,14
REPORTE_AGENTES,T_AGENT_SUMMARY_30MIN_202402,14
REPORTE_AGENTES,T_AGENT_SUMMARY_30MIN_202403,14
REPORTE_AGENTES,T_AGENT_SUMMARY_30MIN_202404,14
REPORTE_AGENTES,T_AGENT_SUMMARY_30MIN_202405,14
REPORTE_AGENTES,T_AGENT_SUMMARY_30MIN_202406,14
REPORTE_AGENTES,T_AGENT_SUMMARY_30MIN_202407,14
REPORTE_AGENTES,T_AGENT_SUMMARY_30MIN_202408,14
REPORTE_AGENTES,T_AGENT_SUMMARY_30MIN_202409,14
REPORTE_AGENTES,T_AGENT_SUMMARY_30MIN_202410,14
REPORTE_AGENTES,T_AGENT_SUMMARY_30MIN_202411,14
REPORTE_AGENTES,T_AGENT_SUMMARY_30MIN_202412,14
REPORTE_AGENTES,T_AGENT_SUMMARY_30MIN_202501,14
REPORTE_AGENTES,T_AGENT_SUMMARY_30MIN_202502,14
REPORTE_AGENTES,T_AGENT_SUMMARY_30MIN_202503,14
REPORTE_AGENTES,T_AGENT_SUMMARY_30MIN_202504,14
REPORTE_AGENTES,T_AGENT_SUMMARY_30MIN_202505,14
REPORTE_AGENTES,T_AGENT_SUMMARY_30MIN_202506,14
REPORTE_AGENTES,T_AGENT_SUMMARY_30MIN_202507,14
REPORTE_AGENTES,T_AGENT_SUMMARY_30MIN_202508,14
REPORTE_AGENTES,T_AGENT_SUMMARY_30MIN_202509,14
REPORTE_AGENTES,T_AGENT_SUMMARY_30MIN_202510,14
REPORTE_AGENTES,T_AGENT_SUMMARY_30MIN_202511,14
REPORTE_AGENTES,T_AGENT_SUMMARY_30MIN_202512,14
REPORTE_AGENTES,T_AGENT_SUMMARY_30MIN_202601,14
REPORTE_AGENTES,T_AGENT_SUMMARY_30MIN_202602,14
REPORTE_AGENTES,T_AGENT_SUMMARY_30MIN_202603,14
REPORTE_AGENTES,T_DETALLE_ENCUESTAS_OUTBOUND_CCEE_TEMP,31
REPORTE_AGENTES,T_DETALLE_ENCUESTAS_OUTBOUND_TEMPORAL,24
REPORTE_AGENTES,T_FACT_BASE_ALEATORIA_AGENTES_CUOTA_V2,11
REPORTE_AGENTES,T_LISTADO_DNIS_GENESYS,2
REPORTE_AGENTES,T_RESUMEN_AGENTES_30MIN_202401,54
REPORTE_AGENTES,T_RESUMEN_AGENTES_30MIN_202402,54
REPORTE_AGENTES,T_RESUMEN_AGENTES_30MIN_202403,54
REPORTE_AGENTES,T_RESUMEN_AGENTES_30MIN_202404,54
REPORTE_AGENTES,T_RESUMEN_AGENTES_30MIN_202405,54
REPORTE_AGENTES,T_RESUMEN_AGENTES_30MIN_202406,54
REPORTE_AGENTES,T_RESUMEN_AGENTES_30MIN_202407,54
REPORTE_AGENTES,T_RESUMEN_AGENTES_30MIN_202408,54
REPORTE_AGENTES,T_RESUMEN_AGENTES_30MIN_202409,54
REPORTE_AGENTES,T_RESUMEN_AGENTES_30MIN_202410,54
REPORTE_AGENTES,T_RESUMEN_AGENTES_30MIN_202411,54
REPORTE_AGENTES,T_RESUMEN_AGENTES_30MIN_202412,54
REPORTE_AGENTES,T_RESUMEN_AGENTES_30MIN_202501,54
REPORTE_AGENTES,T_RESUMEN_AGENTES_30MIN_202502,54
REPORTE_AGENTES,T_RESUMEN_AGENTES_30MIN_202503,54
REPORTE_AGENTES,T_RESUMEN_AGENTES_30MIN_202504,54
REPORTE_AGENTES,T_RESUMEN_AGENTES_30MIN_202505,54
REPORTE_AGENTES,T_RESUMEN_AGENTES_30MIN_202506,54
REPORTE_AGENTES,T_RESUMEN_AGENTES_30MIN_202507,54
REPORTE_AGENTES,T_RESUMEN_AGENTES_30MIN_202508,54
REPORTE_AGENTES,T_RESUMEN_AGENTES_30MIN_202509,54
REPORTE_AGENTES,T_RESUMEN_AGENTES_30MIN_202510,54
REPORTE_AGENTES,T_RESUMEN_AGENTES_30MIN_202511,54
REPORTE_AGENTES,T_RESUMEN_AGENTES_30MIN_202512,54
REPORTE_AGENTES,T_RESUMEN_AGENTES_30MIN_202601,54
REPORTE_AGENTES,T_RESUMEN_AGENTES_30MIN_202602,54
REPORTE_AGENTES,T_RESUMEN_AGENTES_30MIN_202603,54
REPORTE_AGENTES,T_RESUMEN_AGENTES_30MIN_TEMP,53
REPORTE_AGENTES,T_RESUMEN_AGENTES_30MIN_TEMP_ATENDIDAS,13
REPORTE_AGENTES,T_RESUMEN_AGENTES_30MIN_TEMP_ATENDIDAS_TMO,13
REPORTE_AGENTES,T_RESUMEN_AGENTES_30MIN_TEMP_PRINC,53
REPORTE_AGENTES,T_RESUMEN_AGENTES_30MIN_TEST_TEMP,13
REPORTE_AGENTES,T_RESUMEN_AGENTES_30MIN_TMO_TEMP,53
REPORTE_AGENTES,T_RESUMEN_AGENTES_30MIN_TMO_TEMP_ATENDIDAS,13
REPORTE_AGENTES,T_RESUMEN_AGENTES_TOTALES,16
REPORTE_AGENTES,T_RESUMEN_AGENTES_TOTALES_BACKUP,16
REPORTE_AGENTES,T_RESUMEN_AGENTES_VALIDACION_PROVEEDORES,11
REPORTE_AGENTES,T_RESUMEN_AGENTES_VALIDACION_PROVEEDORES_HORAS,12
REPORTE_AGENTES,T_RESUMEN_AGENTES_VALIDACION_PROVEEDORES_HORAS_LOGUEO,5
REPORTE_AGENTES,T_RESUMEN_ATENDIDAS_X_AGENTE,6
REPORTE_AGENTES,T_RESUMEN_ENCUESTAS,9
REPORTE_AGENTES,T_RESUMEN_TIEMPOS_BOTMAKER_202510,10
REPORTE_AGENTES,T_RESUMEN_TRX_AGENTE,5
REPORTE_AGENTES,T_RESUMEN_TRX_GENERA_AGENTE,5
REPORTE_AGENTES,T_TEMPORAL_AGENTES_HIST_PLATAFORMAS,4
REPORTE_AGENTES,T_TEMPORAL_AGENT_SUMMARY_30MIN,23
REPORTE_AGENTES,T_TEMPORAL_AGENT_SUMMARY_30MIN_tmp,23
REPORTE_AGENTES,T_TEMPORAL_ATENDIDAS_X_AGENTE,10
REPORTE_AGENTES,T_TEMPORAL_ATENDIDAS_X_AGENTE_30_MIN,19
REPORTE_AGENTES,T_TEMPORAL_ATENDIDAS_X_AGENTE_30_MIN_2,19
REPORTE_AGENTES,T_TEMPORAL_PROCESO_MULTISKILL,4
REPORTE_AGENTES,T_TEMPORAL_PROCESO_MULTISKILL_30MIN,6
REPORTE_AGENTES,T_TEMPORAL_PROCESO_MULTISKILL_30MIN_TEST,6
REPORTE_AGENTES,T_TEMPORAL_PROCESO_MULTISKILL_30MIN_TEST_V2,7
REPORTE_AGENTES,T_TEMPORAL_PROCESO_MULTISKILL_30MIN_V2,7
REPORTE_AGENTES,T_TEMPORAL_PROCESO_MULTISKILL_V2,4
REPORTE_AGENTES,T_TEMP_BASE_CUOTAS,3
REPORTE_AGENTES,T_TEMP_CARGA_MAESTRA_USUARIOS_SEGURIDAD_PASO_1,13
REPORTE_AGENTES,T_TEMP_CARGA_MAESTRA_USUARIOS_SEGURIDAD_PASO_2,21
REPORTE_AGENTES,T_TEMP_CARGA_MAESTRA_USUARIOS_SEGURIDAD_PASO_X,13
REPORTE_AGENTES,sysdiagrams,5
REPORTE_REGULADOS,T1_1,1
REPORTE_REGULADOS,T1_111,1
REPORTE_REGULADOS,T_LISTADO_IVR,2
REPORTE_REGULADOS,T_LISTADO_IVR_VAL,2
REPORTE_REGULADOS,T_LISTADO_IVR_VAL_2,2
REPORTE_REGULADOS,T_REGULATORIO_LENGUAJE_NATURAL_202202_V2,8
REPORTE_REGULADOS,T_REGULATORIO_LENGUAJE_NATURAL_202307,8
REPORTE_REGULADOS,T_REGULATORIO_LENGUAJE_NATURAL_202308,8
REPORTE_REGULADOS,T_REGULATORIO_LENGUAJE_NATURAL_202309,8
REPORTE_REGULADOS,T_REGULATORIO_LENGUAJE_NATURAL_202310,8
REPORTE_REGULADOS,T_REGULATORIO_LENGUAJE_NATURAL_202311,8
REPORTE_REGULADOS,T_REGULATORIO_LENGUAJE_NATURAL_202312,8
REPORTE_REGULADOS,T_REGULATORIO_LENGUAJE_NATURAL_202401,8
REPORTE_REGULADOS,T_REGULATORIO_LENGUAJE_NATURAL_202402,8
REPORTE_REGULADOS,T_REGULATORIO_LENGUAJE_NATURAL_202403,8
REPORTE_REGULADOS,T_REGULATORIO_LENGUAJE_NATURAL_202404,8
REPORTE_REGULADOS,T_REGULATORIO_LENGUAJE_NATURAL_202405,8
REPORTE_REGULADOS,T_REGULATORIO_LENGUAJE_NATURAL_202406,8
REPORTE_REGULADOS,T_REGULATORIO_LENGUAJE_NATURAL_202407,9
REPORTE_REGULADOS,T_REGULATORIO_LENGUAJE_NATURAL_202408,9
REPORTE_REGULADOS,T_REGULATORIO_LENGUAJE_NATURAL_202409,9
REPORTE_REGULADOS,T_REGULATORIO_LENGUAJE_NATURAL_202410,9
REPORTE_REGULADOS,T_REGULATORIO_LENGUAJE_NATURAL_202411,9
REPORTE_REGULADOS,T_REGULATORIO_LENGUAJE_NATURAL_202412,9
REPORTE_REGULADOS,T_REGULATORIO_LENGUAJE_NATURAL_202501,9
REPORTE_REGULADOS,T_REGULATORIO_LENGUAJE_NATURAL_202502,9
REPORTE_REGULADOS,T_REGULATORIO_LENGUAJE_NATURAL_202503,9
REPORTE_REGULADOS,T_REGULATORIO_LENGUAJE_NATURAL_202504,9
REPORTE_REGULADOS,T_REGULATORIO_LENGUAJE_NATURAL_202505,9
REPORTE_REGULADOS,T_REGULATORIO_LENGUAJE_NATURAL_202506,9
REPORTE_REGULADOS,T_REGULATORIO_LENGUAJE_NATURAL_202507,9
REPORTE_REGULADOS,T_REGULATORIO_LENGUAJE_NATURAL_202508,9
REPORTE_REGULADOS,T_RESUMEN_REGULADOS_PW,12
REPORTE_REGULADOS,T_RESUMEN_REGULADOS_PW_AURA,4
REPORTE_REGULADOS,T_RESUMEN_REGULADOS_PW_V2,12
REPORTE_REGULADOS,T_TEMPORAL_REGULADOS_PW,15
REPORTE_REGULADOS,T_TEMP_DETALLE_STAR_GLOBAL,19
REPORTE_REGULADOS,T_V2_REGULADOS_PW_202301,22
REPORTE_REGULADOS,T_V2_REGULADOS_PW_202302,22
REPORTE_REGULADOS,T_V2_REGULADOS_PW_202303,22
REPORTE_REGULADOS,T_V2_REGULADOS_PW_202304,22
REPORTE_REGULADOS,T_V2_REGULADOS_PW_202305,22
REPORTE_REGULADOS,T_V2_REGULADOS_PW_202306,22
REPORTE_REGULADOS,T_V2_REGULADOS_PW_202307,22
REPORTE_REGULADOS,T_V2_REGULADOS_PW_202308,22
REPORTE_REGULADOS,T_V2_REGULADOS_PW_202309,22
REPORTE_REGULADOS,T_V2_REGULADOS_PW_202310,22
REPORTE_REGULADOS,T_V2_REGULADOS_PW_202311,22
REPORTE_REGULADOS,T_V2_REGULADOS_PW_202312,22
REPORTE_REGULADOS,T_V2_REGULADOS_PW_202410,22
REPORTE_REGULADOS,T_V2_REGULADOS_PW_202411,22
REPORTE_REGULADOS,T_V2_REGULADOS_PW_202412,22
REPORTE_REGULADOS,T_V2_REGULADOS_PW_202501,22
REPORTE_REGULADOS,T_V2_REGULADOS_PW_202502,22
REPORTE_REGULADOS,T_V2_REGULADOS_PW_202503,22
REPORTE_REGULADOS,T_V2_REGULADOS_PW_202504,22
REPORTE_REGULADOS,T_V2_TEMPORAL_REGULADOS_PW,20
REPORTE_REGULADOS,T_V5_TODAY,4
REPORTE_REGULADOS,VALIDAR_ACUMULADO_RESUMEN,9
REPORTE_REGULADOS_V2,T_V2_REGULADOS_PW_202308,22
REPORTE_REGULADOS_V2,T_V2_REGULADOS_PW_202309,22
REPORTE_REGULADOS_V2,T_V2_REGULADOS_PW_202310,22
REPORTE_REGULADOS_V2,T_V2_REGULADOS_PW_202311,22
REPORTE_REGULADOS_V2,T_V2_REGULADOS_PW_202312,22
REPORTE_REGULADOS_V2,T_V2_REGULADOS_PW_202401,22
REPORTE_REGULADOS_V2,T_V2_REGULADOS_PW_202402,22
REPORTE_REGULADOS_V2,T_V2_REGULADOS_PW_202403,22
REPORTE_REGULADOS_V2,T_V2_REGULADOS_PW_202404,22
REPORTE_REGULADOS_V2,T_V2_REGULADOS_PW_202405,22
REPORTE_REGULADOS_V2,T_V2_REGULADOS_PW_202406,22
REPORTE_REGULADOS_V2,T_V2_REGULADOS_PW_202407,22
REPORTE_REGULADOS_V2,T_V2_REGULADOS_PW_202408,22
REPORTE_REGULADOS_V2,T_V2_REGULADOS_PW_202409,22
REPORTE_REGULADOS_V2,T_V2_REGULADOS_PW_202410,22
DEFAULT_DB,adm_mant_idx,5
DEFAULT_DB,m_BaseDatos,7
DEFAULT_DB,m_Servidores,6
DEFAULT_DB,m_connections_stats,3
DEFAULT_DB,m_sesiones_db,6
DEFAULT_DB,m_size_db,6
DEFAULT_DB,m_size_hd,6
DEFAULT_DB,m_size_logt,7
DEFAULT_DB,m_sizedb,10
DEFAULT_DB,m_sizetables,10
DEFAULT_DB,ActiveSubscriptions,5
DEFAULT_DB,Batch,9
DEFAULT_DB,CachePolicy,4
DEFAULT_DB,Catalog,25
DEFAULT_DB,ChunkData,8
DEFAULT_DB,ChunkSegmentMapping,5
DEFAULT_DB,ConfigurationInfo,3
DEFAULT_DB,DBUpgradeHistory,4
DEFAULT_DB,DataSets,4
DEFAULT_DB,DataSource,15
DEFAULT_DB,Event,7
DEFAULT_DB,ExecutionLogStorage,19
DEFAULT_DB,History,4
DEFAULT_DB,Keys,6
DEFAULT_DB,ModelDrill,5
DEFAULT_DB,ModelItemPolicy,4
DEFAULT_DB,ModelPerspective,5
DEFAULT_DB,Notifications,20
DEFAULT_DB,Policies,2
DEFAULT_DB,PolicyUserRole,4
DEFAULT_DB,ReportSchedule,4
DEFAULT_DB,Roles,5
DEFAULT_DB,RunningJobs,11
DEFAULT_DB,Schedule,24
DEFAULT_DB,SecData,6
DEFAULT_DB,Segment,2
DEFAULT_DB,SegmentedChunk,8
DEFAULT_DB,ServerParametersInstance,8
DEFAULT_DB,ServerUpgradeHistory,4
DEFAULT_DB,SnapshotData,14
DEFAULT_DB,Subscriptions,18
DEFAULT_DB,SubscriptionsBeingDeleted,2
DEFAULT_DB,UpgradeInfo,2
DEFAULT_DB,Users,5
DEFAULT_DB,ChunkData,8
DEFAULT_DB,ChunkSegmentMapping,5
DEFAULT_DB,DBUpgradeHistory,4
DEFAULT_DB,ExecutionCache,8
DEFAULT_DB,PersistedStream,10
DEFAULT_DB,Segment,2
DEFAULT_DB,SegmentedChunk,9
DEFAULT_DB,SessionData,28
DEFAULT_DB,SessionLock,2
DEFAULT_DB,SnapshotData,16
DEFAULT_DB,TempCatalog,14
DEFAULT_DB,TempDataSets,4
DEFAULT_DB,TempDataSources,14
